category,title,pathname,downloadId,state,updatedAt,typeTitle
"smart home","Smart Home","Smart-Home","riYl7OuAf8jFGHyZ1KX1C","1","2026-08-07 01:54:13","Product Datasheet"
"network","NETWORK","NETWORK","ZXp28krukS-NFa2C5Z_46","1","2026-08-07 01:51:50","Product Datasheet"
"smart home","Alarm-and-Sensor","Alarm-and-Sensor","OWSEkQq9_WE4uJLBWKzIg","1","2026-08-07 01:51:03","Product Datasheet"
"nvr","NVR","NVR","W5uBRgHtHJjIA3hby-OEB","1","2026-08-07 01:50:14","Product Datasheet"
"action camera","Action Camera","Action-Camera","b1d-Czu0w3FZvDi-N60KM","1","2026-08-07 01:36:10","Product Datasheet"
"security camera","HB90 Dual 3K Kit","HB90-Dual-3K-Kit","8M6enIwhZZ2z5rmfu5HTl","1","2026-08-06 01:26:15","Product Datasheet"
"security camera","CB90f Triple Kit","CB90f-Triple-Kit","R7ToRkk1oCjesYplmRH0Q","1","2026-08-02 22:44:38","Product Datasheet"
"security camera","Akiitu Supersoft Series (C-L)","Akiitu-Supersoft-Series-(C-L)","Oty4Y5hKuowCbT67iIK8m","1","2026-07-09 02:55:30","Product Datasheet"
"security camera","HP8","HP8","fQRmUPdbFGx2JX-9a8Ot-","1","2026-06-10 23:38:49","Product Datasheet"
"security camera","CP8","CP8","RXTHORBWubDH1w25Y6W_f","1","2026-06-04 22:58:50","Product Datasheet"
"security camera","HB8 Lite 4K Kit","HB8-Lite-4K-Kit","SEhjwpTLkkOW79tvEhUBz","1","2026-05-27 04:15:28","Product Datasheet"
"security camera","CB8 Lite 4K Kit","CB8-Lite-4K-Kit","lksR2aJ3cOOMJBL8LZDYv","1","2026-05-27 04:13:31","Product Datasheet"
"security camera","TY1 G1 2K","TY1-G1-2K","2JPuaVyUyCnCXjiBnMA0i","1","2026-05-24 19:20:23","Product Datasheet"
"smart home","DL05 (6068)","DL05-(6068)","-l9lZdG9QMmLRhauYbH9j","1","2026-05-19 00:01:45","Product Datasheet"
"security camera","HB8 Lite 3K⁺","HB8-Lite-3K","GoPh6JMnZU_ttkbwgxKmn","1","2026-05-14 01:08:22","Product Datasheet"
"security camera","HB8 Lite 3K⁺ Kit","HB8-Lite-3K-Kit","J9S6KC8Apr0GEQh1osQsO","1","2026-05-13 23:01:10","Product Datasheet"
"security camera","CB8 Lite 3K⁺ Kit","CB8-Lite-3K-Kit","D8SjtqH2DrHR2RCVzIFwQ","1","2026-05-13 22:35:51","Product Datasheet"
"security camera","CB8 Lite 3K+","CB8-Lite-3K+","-4Yj3301hsck39mN2v4jB","1","2026-05-11 01:45:52","Product Datasheet"
"security camera","H8c Pro 2K (R210)","H8c-Pro-2K-(R210)","6jvX62dOiMG2l9yl-QdAx","1","2026-04-27 23:25:08","Product Datasheet"
"smart home","Y2000 (6068)","Y2000-(6068)","iUkyitKZqSn45yJ0pUDRM","1","2026-04-16 00:50:00","Product Datasheet"
"smart home","DL50FVS (6068)","DL50FVS-6068","Qsu69U-D-AdkC_EOP6sFZ","1","2026-04-16 00:41:25","Product Datasheet"
"security camera","Alarm Light Camera","Alarm-Light-Camera","wdbLtjR0EokJUjHqn83JN","1","2026-04-16 00:37:21","Product Datasheet"
"uncertain","Alarm Light","Alarm-Light","WsFJgNcN13jrGpJJcgQxF","1","2026-04-16 00:33:43","Product Datasheet"
"security camera","HB8 Lite 4K","HB8-Lite-4K","rfcOn2GOiueikH4U8DlrX","1","2026-04-15 23:08:29","Product Datasheet"
"smart home","DL50 FVS Plus (6068)","DL50-FVS-Plus-(6068)","rdnYeyV-xx4okNMhhRqap","1","2026-04-09 22:17:54","Product Datasheet"
"security camera","CB8 Lite 4K","CB8-Lite-4K","2LVydlPBAFd_A27Bb7m92","1","2026-04-09 01:15:04","Product Datasheet"
"uncertain","Akiitu Magnetic Series","Akiitu-Magnetic-Series","oaeDEXMf8Dbg_43EIbec6","1","2026-03-30 22:48:17","Product Datasheet"
"security camera","C8c 4K (R210)","C8c-4K-(R210)","wImXKFD0Z1uNuH1V76Zfl","1","2026-03-24 19:10:23","Product Datasheet"
"security camera","HG2 600","HG2-600","NdSwuvfRuH0o1dTQ7ZB_s","1","2026-03-24 02:13:57","Product Datasheet"
"uncertain","PCBA","PCBA","EI4_3o_DxlojlWFrsq4H8","1","2026-03-23 23:01:20","Product Datasheet"
"security camera","C9c Dual 2K","C9c-Dual-2K","jap_yLKpP_5pLMmIfjAYM","1","2026-03-23 03:45:54","Product Datasheet"
"security camera","C9c Dual 3K","C9c-Dual-3K","1LwlO_y-UDfirODQMWGkC","1","2026-03-23 03:42:47","Product Datasheet"
"security camera","HGR2","HGR2","CDuv32acqSTSxpzbyFzck","1","2026-03-23 00:40:43","Product Datasheet"
"security camera","HGD2 Photocells","HGD2","0BKplOjY_orAojeWW_g1C","1","2026-03-22 19:22:20","Product Datasheet"
"security camera","HGT2","HGT2","BTAu8aV959VuXf2Y7etig","1","2026-03-20 00:13:04","Product Datasheet"
"security camera","EP8 Ultra","EP8-Ultra","M1iz8nIaKWCfLHPn4-tNZ","1","2026-03-08 19:00:48","Product Datasheet"
"security camera","EP4","EP4","E_jMHoHm0BSc4gDzb5sMf","1","2026-02-01 23:25:32","Product Datasheet"
"security camera","C6N G1 2K","C6N-G1-2K","ntKg2JQtF8HlTuzkkisnd","1","2026-01-29 18:45:50","Product Datasheet"
"smart home","DL50FVX","DL50FVX","wYRii97yQMAcvCjAAntqn","1","2026-01-26 21:58:23","Product Datasheet"
"smart home","Dust Bag for RE7 Edge","Dust-Bag-for-RE7-Edge","tfy_hFNFyDXFoUwDcu285","1","2026-01-23 00:27:20","Product Datasheet"
"smart home","RE7 Edge Accessory Pack","RE7-Edge-Accessory-Pack","lXuSr4PeinOh4d99njJEw","1","2026-01-21 03:06:54","Product Datasheet"
"network","Outdoor PoE Splitter","Outdoor-PoE-Splitter","55IcRrzyk7SnryIhKKo1e","1","2026-01-19 23:40:50","Product Datasheet"
"uncertain","Power Backup Pod","Power-Backup-Pod","ftV2bPyKazAWh1E7FtHQm","1","2026-01-11 21:49:54","Product Datasheet"
"smart home","RE7 Edge","RE7-Edge","f-hWRi4f4xr7M7AdLb3mm","1","2025-12-30 22:26:55","Product Datasheet"
"uncertain","Wall Mount Bracket","Wall-Mount-Bracket","13TFFyzLNH1iCBYaGnJPd","1","2025-12-24 23:49:15","Product Datasheet"
"security camera","Akiitu Pro Series Charge Cable","Akiitu-Pro-Series-Charge-Cable","UpCFbYLVF9IM7HXMdEJn3","1","2025-12-23 21:38:53","Product Datasheet"
"smart home","Akiitu Pro 35W Charger (US Plug)","Akiitu-Pro-35W-Charger-(US-Plug)","5MdDbJWy0YTctVR3_4dZl","1","2025-12-22 19:16:11","Product Datasheet"
"smart home","DL50FVS Plus (5085)","DL50FVS-Plus","I-jSCersrolnZY-7iz6I2","1","2025-12-16 22:56:19","Product Datasheet"
"smart home","Y2000FVS","Y2000FVS","CdwS8tUhuQbfEuK5o_n19","1","2025-12-11 18:01:43","Product Datasheet"
"smart home","Akiitu Pro 65W Charger (EU Plug)","Akiitu-Pro-65W-Charger-(EU-Plug)","GV2m1xHSZprrc6peGpkBx","1","2025-12-02 00:39:33","Product Datasheet"
"security camera","EB8 Pro Ranger Kit","EB8-Pro-Ranger-Kit","ffOnVV0YKUvL9QPhW1owE","1","2025-11-30 22:21:15","Product Datasheet"
"smart home","Akiitu Pro 65W Charger (US Plug)","Akiitu-Pro-65W-Charger-(US-Plug)","YoNIcZB-BsSi6VkAlbgd3","1","2025-11-27 19:16:49","Product Datasheet"
"smart home","Akiitu Pro 35W Charger (UK Plug)","Akiitu-Pro-35W-Charger-(UK-Plug)","nm5rS_VdHUtiG4GkOuSHW","1","2025-11-23 22:09:28","Product Datasheet"
"security camera","Akiitu Supersoft Series (C-C)","Akiitu-Supersoft-Series-(C-C)","N5ot21TbjiRWC9gyDQJVf","1","2025-11-21 00:54:49","Product Datasheet"
"security camera","H9c Dual 2K (R105)","H9c-Dual-2K-(R105)","jpKusH6dAhOf3aePZkQZd","1","2025-11-20 22:49:24","Product Datasheet"
"smart home","DL20FVS Plus","DL20FVS-Plus","4AfSkfGbGZV4DjidZ4Ier","1","2025-11-18 22:44:43","Product Datasheet"
"security camera","H9c Dual 4G","H9c-Dual-4G","bXljQPlMOzpv-vJtS3qWX","1","2025-11-11 18:09:51","Product Datasheet"
"security camera","EB8 Pro 4G Kit","EB8-Pro-4G-Kit","dqD9-7e1VOwH7-Dwz2ADg","1","2025-11-11 00:51:16","Product Datasheet"
"security camera","Akiitu Pro 65W Charger","Akiitu-Pro-65W-Charger","i3jdsrOfEZLTrwoMAtmHr","1","2025-11-04 23:49:47","Product Datasheet"
"security camera","HG2 400","HG2-400","uFh4WyF_MFZIpTiFtFums","1","2025-10-29 22:09:15","Product Datasheet"
"uncertain","8W Battery Solar Panel","8W-Battery-Solar-Panel","TB-ThdjYDwd-1mdImthoI","1","2025-10-16 01:14:38","Product Datasheet"
"uncertain","TP9 Pro","TP9-Pro","MuROH_YVkTj_u1_m1mNm1","1","2025-09-24 23:15:07","Product Datasheet"
"smart home","HP7 2-Entry Kit","HP7-2-Entry-Kit","F5NciGdiQh_rauMEQExcm","1","2025-09-22 22:51:52","Product Datasheet"
"uncertain","Solar Panel 8W","Solar-Panel-8W","-ksOIZS4SctWGTnYRTKdd","1","2025-09-14 22:08:44","Product Datasheet"
"uncertain","T35WM Matter","T35WM-Matter","wqr6yohsZnZ7Va_NSMmwT","1","2025-09-11 23:51:44","Product Datasheet"
"uncertain","T35W Matter","T35W-Matter","Z0v8mKsqWPlDOAAHtlHYS","1","2025-09-11 22:19:53","Product Datasheet"
"security camera","T31-16E-EU","T31-16E-EU","jXN0H1fleOAU3kjKOacNw","1","2025-09-09 23:14:46","Product Datasheet"
"uncertain","T56","T56","VdB3lU7fu7Cu_-wVVKOvA","1","2025-09-09 19:27:08","Product Datasheet"
"security camera","T30-10E-EU","T30-10E-EU","ekAmT-ykJkEak8QBfbiO5","1","2025-09-09 19:07:14","Product Datasheet"
"uncertain","Solar Panel 5W","5W-Battery-Solar-Panel","FTrVjahOJsYJb4RQ5tJsy","1","2025-09-02 17:50:10","Product Datasheet"
"security camera","H9c Dual 3K (R105)","H9c-Dual-3K-(R105)","8EhnQWh2FEQEytRTU0-47","1","2025-08-31 18:22:48","Product Datasheet"
"security camera","CB8 Lite 4G Kit","CB8-Lite-4G-Kit","MIBvlFec7JnOp8E5rMabz","1","2025-08-28 21:39:45","Product Datasheet"
"security camera","HB8 Lite 4G Kit","HB8-Lite-4G-Kit","RAfODH3mwwqvnYYJ06u67","1","2025-08-25 23:21:58","Product Datasheet"
"security camera","EB8 Pro 4G","EB8-Pro-4G","VbFz7fNXofWj2_zDOZw48","1","2025-08-21 23:24:46","Product Datasheet"
"smart home","DL06","DL06","5I5rc8wPPhAauKt5_TkMz","1","2025-08-18 23:46:13","Product Datasheet"
"security camera","HG2 600 Pro","HG2-600-Pro","eMrq-KhtAVn8m2oZ_EiV7","1","2025-08-17 22:03:28","Product Datasheet"
"security camera","CB90x Dual 4G Kit","CB90x-Dual-4G-Kit","QNyOHRgbAdw9WhIpmavtJ","1","2025-08-06 00:23:27","Product Datasheet"
"security camera","C6N G1 3K","C6N-G1-3K","3-lbX7bsaBCRlKCGQ_s-O","1","2025-08-05 18:28:06","Product Datasheet"
"security camera","H6c G1 3K","H6c-G1-3K","FfJTMukRZn12DVQooPjp_","1","2025-08-04 23:50:55","Product Datasheet"
"security camera","CP4","CP4","NCGWqX0TntvOOp3E72L2T","1","2025-08-04 21:44:48","Product Datasheet"
"security camera","HB90x Dual 4G Kit","HB90x-Dual-4G-Kit","SPfusM2LOOU2N03rO_4PL","1","2025-07-31 00:26:36","Product Datasheet"
"security camera","E4P","E4P","bH2EU29fulXwCRCEYZFQB","1","2025-07-22 23:33:50","Product Datasheet"
"smart home","Y3000FVP PLUS","Y3000FVP-PLUS","GruRkzDaR-YHpiuc3tBVy","1","2025-07-22 23:31:18","Product Datasheet"
"security camera","CB8 Lite 4G","CB8-Lite-4G","v9Yv3GCWdypo7nnCgkyFK","1","2025-06-25 19:39:32","Product Datasheet"
"security camera","EB3 Kit","EB3-Kit","MvX2dM2SKr4-Tgwm64UV1","1","2025-06-19 22:56:23","Product Datasheet"
"security camera","HB8 Lite 4G","HB8-Lite-4G","vLuzVUo3_tIjKjUBbmxe6","1","2025-06-17 22:04:07","Product Datasheet"
"security camera","CB3 Kit","CB3-Kit","rEKV6rQMtXQsOHVq6hHom","1","2025-06-17 22:03:21","Product Datasheet"
"smart home","HP7 Pro","HP7-Pro","3i0rrerMvnB8PHfzquDFK","1","2025-06-10 18:40:40","Product Datasheet"
"uncertain","S10","S10","IrYhpnygcFx_-uBOaWTIM","1","2025-06-08 19:19:29","Product Datasheet"
"smart home","EP3x Pro Kit","EP3x-Pro-Kit","DcIlvSTLozayvT6qspNGo","1","2025-06-05 18:33:13","Product Datasheet"
"security camera","H6c G1 4K","H6c-G1","ue0gY2GsZmq_zipmRfv_d","1","2025-05-26 18:57:46","Product Datasheet"
"security camera","C6N G1 4K","C6N-G1","xpLbiGvrW3lV1T6PzSEnu","1","2025-05-20 18:39:33","Product Datasheet"
"security camera","CB90 Dual Kit","CB90-Dual-Kit","IURUWlpF5BSRC3v8NuSnt","1","2025-05-08 18:59:00","Product Datasheet"
"security camera","CB8 Lite Kit","CB8-Lite-Kit","V66UXaqAcTTSS8JvDS4qz","1","2025-04-26 21:58:41","Product Datasheet"
"security camera","EB3 4G Kit","EB3-4G-Kit","s7AKoCkzC1IxVxhY-aet0","1","2025-04-26 21:57:52","Product Datasheet"
"security camera","CB3 4G Kit","CB3-4G-Kit","p-eGvFu8xTnPunv9Jvmcj","1","2025-04-17 23:15:48","Product Datasheet"
"smart home","HP7 2-Family Kit","HP7-2-Family-Kit","EHek0gLKEtYR2kIEKx0oC","1","2025-04-14 18:51:04","Product Datasheet"
"security camera","HB90 Dual Kit","HB90-Dual-Kit","9z7G0lPt9kOWY9hmPMsXx","1","2025-04-10 23:23:17","Product Datasheet"
"security camera","HB8 Lite Kit","HB8-Lite-Kit","kZpJwwSJJx_uFW_vuTpMa","1","2025-03-31 18:13:48","Product Datasheet"
"smart home","DL06 Pro","DL06-Pro","T5IJckZPAsm1CESujfps9","1","2025-03-13 01:13:29","Product Datasheet"
"security camera","HB8 Pro","HB8-Pro","lcRubQSHSPeluDKV6v9_M","1","2025-03-13 01:11:22","Product Datasheet"
"smart home","RE5S Plus","RE5S-Plus","oki0dGVmzDe0DJxLdRv13","1","2025-03-13 01:07:11","Product Datasheet"
"uncertain","Transformer","Transformer","olDyyNvIhvvFsA89HCFO1","1","2025-03-10 00:30:41","Product Datasheet"
"security camera","CB8 Lite","CB8-Lite","tXDurwVJAX0vk_egXbNmI","1","2025-03-10 00:28:18","Product Datasheet"
"security camera","C90 Dual","C90-Dual","ZQSo1uJEuC90t29E-TNZ6","1","2025-03-05 00:15:10","Product Datasheet"
"security camera","H90 Dual","H90-Dual","QyygblXWsFgT-cKM8dbFa","1","2025-03-05 00:09:27","Product Datasheet"
"security camera","HB8 Lite","HB8-Lite","su3ALBV2npvYqw5xVyMB7","1","2025-03-04 17:38:20","Product Datasheet"
"smart home","RS20 Max","RS20-Max","LIJu1CHT62CL_BfmXQkKl","1","2025-02-25 15:03:10","Product Datasheet"
"uncertain","T33","T33","mBd9fNQoIDtosz6HRXKAz","1","2025-02-18 14:36:08","Product Datasheet"
"smart home","DL03 Pro","DL03-Pro","n2eaMEuXExmrzg25CyJqQ","1","2025-02-13 15:58:18","Product Datasheet"
"security camera","H8c 4G","H8c-4G","VsC-TZv8vgLc3SrUQKuKU","1","2025-02-13 15:57:53","Product Datasheet"
"security camera","H80x Dual","H80x-Dual","aTk8QhCcSWD69l7SI-6ja","1","2025-02-13 15:30:50","Product Datasheet"
"smart home","Y2000","Y2000","QImIrDCBG77yYK3rtjEXo","1","2025-02-07 16:48:47","Product Datasheet"
"security camera","H6c 2K (EU Exclusive)","H6c-2K-(EU-Exclusive)","r4fwr9WXzD5YpeokdQEVW","1","2025-01-21 17:04:51","Product Datasheet"
"security camera","BC1c 4K Kit","BC1c-4K-Kit","tRnMFIlRjd4LocN2ZREop","1","2025-01-19 16:04:31","Product Datasheet"
"security camera","BC1c 4K","BC1c-4K","xgk9wei5lM9FboDeIzlo2","1","2025-01-19 16:04:00","Product Datasheet"
"security camera","CB5 4K","CB5-4K","Phjwk9n-L2QF9slyZ_qyJ","1","2025-01-19 16:02:47","Product Datasheet"
"uncertain","RM600","RM600","NIl6l2gx3KiaOueBBp72Z","1","2025-01-15 17:09:46","Product Datasheet"
"security camera","H80f Multi","H80f-Multi","w2NLTx7_MtWnBs8dL-7We","1","2025-01-15 17:06:23","Product Datasheet"
"security camera","EB5 4K","EB5-4K","uxVdGBoQts_5yzMJG7XGB","1","2025-01-14 15:12:07","Product Datasheet"
"security camera","C60p Dual Mix 2K","C60p-Dual-Mix-2K","3av1P74JkpHIcJgJlW5Wp","1","2025-01-13 10:49:08","Product Datasheet"
"uncertain","T35WD","T35WD","UivUeOvJuNCogG_xKudV9","1","2025-01-07 11:11:08","Product Datasheet"
"security camera","Solar Charging Panel-F","Solar-Charging-Panel-F","_H7LfHj01uq7swa3jpmNJ","1","2025-01-06 13:42:21","Product Datasheet"
"security camera","Solar Charging Panel-E","Solar-Charging-Panel-E","cR-Pm9rzQ949WNTVzMsw3","1","2025-01-06 13:42:01","Product Datasheet"
"security camera","TY1 Pro 4K","TY1-Pro-4K","BBC2FcdMefijH9v3Sm2m6","1","2025-01-01 14:20:04","Product Datasheet"
"smart home","4-Piece Home Sensor Kit 2.0","4-Piece-Home-Sensor-Kit-2.0","cGgMMV5xdPqI6P_5vtVeX","1","2024-12-30 15:29:54","Product Datasheet"
"security camera","H6c Pro 4K","H6c-Pro-4K","awT3_qDXLbj0WxkjF00E7","1","2024-12-25 15:19:37","Product Datasheet"
"security camera","H3K PoE 4K","H3K-PoE-4K","3eE7kHQa9hx1kZl_u_Sel","1","2024-12-24 10:11:29","Product Datasheet"
"security camera","CP5","CP5","u1RBFEXrK2RGR_iKFTOQc","1","2024-12-24 10:04:12","Product Datasheet"
"uncertain","TP7","TP7","BzMx8ORtYKpmHnMhFNwDO","1","2024-12-22 11:23:28","Product Datasheet"
"security camera","CP1 Pro 4K","CP1-Pro-4K","ZS9UMl7IFGVYDME8gTvgI","1","2024-12-19 10:30:56","Product Datasheet"
"smart home","Dust Bag for RE4C Plus","Dust-Bag-for-RE4C-Plus","xNPDVlVDVaa8YgPT6dOEZ","1","2024-12-18 15:51:18","Product Datasheet"
"nvr","H3c 2K+ NVR Kit","H3c-2K+-NVR-Kit","8ty5d4klH3yWFl72rMV5E","1","2024-12-18 15:16:40","Product Datasheet"
"nvr","H3c 2K+ NVR+HDD Kit","H3c-2K+-NVR+HDD-Kit","dt51UxgI9DayX7YQpDP3k","1","2024-12-18 11:22:37","Product Datasheet"
"nvr","H3c 2K NVR+HDD Kit","H3c-2K-NVR+HDD-Kit","j1z579ku8_I3XGLTd0HeU","1","2024-12-18 11:21:43","Product Datasheet"
"security camera","CB2 4G Kit","CB2-4G-Kit","XiR6f3Bw6mbYvWUfzC_rB","1","2024-12-12 17:31:13","Product Datasheet"
"security camera","CB3 4G","CB3-4G","JTWyQrFLLb4UlZqLCF_e4","1","2024-12-03 14:41:04","Product Datasheet"
"security camera","H3K PoE 4K Kit","H3K-PoE-4K-Kit","y0hEMLxWCU6m89rv9yvpf","1","2024-11-25 16:33:38","Product Datasheet"
"security camera","H8x","H8x","XFkgk7RXXFR8JQVcx7c2O","1","2024-11-24 10:47:10","Product Datasheet"
"security camera","CP3 Pro","CP3-Pro","enefxTlG5uK_yq5LFGQ52","1","2024-11-20 16:52:53","Product Datasheet"
"smart home","RE4C & RE4 & RE5 Series Accessory Pack","RE4C-and-RE4-and-RE5-Series-Accessory-Pack","FdB2FpT2xRdKpotXdLRkw","1","2024-11-20 15:07:10","Product Datasheet"
"smart home","RE4C Pus","RE4C-Pus","J_h84T9xGNAueJ3XW1nNo","1","2024-11-19 14:45:54","Product Datasheet"
"security camera","EP7","EP7","7RsieNiaLrQxrxQ7SuC-5","1","2024-11-07 16:59:39","Product Datasheet"
"smart home","RE4C","RE4C","FWuHCI_erxIPgWcbeyK7y","1","2024-11-04 15:05:03","Product Datasheet"
"smart home","EP3x","EP3x","MU-T5c1UsyVi0WcvRnuJf","1","2024-11-03 14:24:23","Product Datasheet"
"security camera","CB2 4G","CB2-4G","y2qpNuMrZrq_nkpPB88mt","1","2024-10-21 10:21:50","Product Datasheet"
"security camera","H4 PoE","H4-PoE","1m3jk69eObdlYoxUARiWm","1","2024-10-17 13:41:36","Product Datasheet"
"smart home","DL04","DL04","QB8EzWOu9CBa50Xxetqw4","1","2024-10-10 09:35:22","Product Datasheet"
"smart home","DL04 Pro","DL04-Pro","pW9VVsSfpckG-Vxrwl3Xj","1","2024-09-25 16:41:10","Product Datasheet"
"security camera","HP3 Pro","HP3-Pro","IPSO4Gws5VyV4SHJPOp6W","1","2024-09-25 11:05:41","Product Datasheet"
"smart home","RS20 Pro","RS20-Pro","0dj1YqXJD1ZV7dM9utEaZ","1","2024-09-24 14:02:37","Product Datasheet"
"security camera","H5 PoE","H5-PoE","tmM6SS76eAQGWGvsmDkwo","1","2024-09-23 14:15:41","Product Datasheet"
"security camera","EB3 4G","EB3-4G","BRCA2v3OjqYafTCLpdym4","1","2024-09-22 14:21:15","Product Datasheet"
"security camera","C6c 4K","C6c-4K","2Ba5RhSlqaG0IHZp9jIvZ","1","2024-09-18 15:48:54","Product Datasheet"
"security camera","C6c 2K","C6c-2K","3YzYXLFhf_TplaVyz_eWe","1","2024-09-11 14:08:07","Product Datasheet"
"security camera","CB3 (AOV Version)","CB3-(AOV-Version)","_o7jG5-cTOQz_oQl6weh_","1","2024-09-08 11:19:20","Product Datasheet"
"smart home","RS20 Series Hard Floor Cleaning Solution","RS20-Series-Hard-Floor-Cleaning-Solution","4LX2iYIC7eSjdcA4ICxLc","1","2024-09-03 11:33:48","Product Datasheet"
"smart home","RS20 Pro Accessory Pack","RS20-Pro-Accessory-Pack","d79jFV4Q5KVW2uwLIZ-J1","1","2024-09-03 11:33:05","Product Datasheet"
"smart home","RE4C&RE4&RE5 Series Accessory Pack","RE4CandRE4andRE5-Series-Accessory-Pack","xpXw25BGVOL_Bxg_LeeNu","1","2024-09-03 11:29:26","Product Datasheet"
"network","RT1 AX3000","RT1-AX3000","UwHkYcYcqXm_fcEwu35Ym","1","2024-09-02 11:23:54","Product Datasheet"
"security camera","C8c 4K","C8c-4K","LIOdELdKp0mF5sUBT8u8W","1","2024-08-27 14:20:48","Product Datasheet"
"smart home","RE4 & RE5 Series Accessory Pack","RE4-and-RE5-Series-Accessory-Pack","00Y7qPO-6w1a1AmgDIJFn","1","2024-08-27 13:56:10","Product Datasheet"
"uncertain","RC3 Series Accessory Pack","RC3-Series-Accessory-Pack","TioBkje3aVZYEcild1E_X","1","2024-08-27 13:55:34","Product Datasheet"
"security camera","CP3","CP3","1wTGeh9HIR8MRgOs63B1g","1","2024-08-21 11:30:32","Product Datasheet"
"security camera","C8c 1080p","C8c-1080p","R2Wmy5PYroxoGVA-ly_Q4","1","2024-08-13 16:44:35","Product Datasheet"
"security camera","C8c 2K⁺","C8c-2K","x6_WHb2ilYpK4ugkYhuW3","1","2024-08-13 16:43:46","Product Datasheet"
"security camera","C8c 3K","C8c-3K","-YIo3b27jRoJdivEdYGSS","1","2024-08-13 16:43:15","Product Datasheet"
"security camera","CP1 Pro 2K","CP1-Pro-2K","-PbqM_09P8gG76mJDqia3","1","2024-08-12 16:19:42","Product Datasheet"
"smart home","DL01CP Keypad","DL01CP-Keypad","cxqvx_DO9nZOOJqq5FqNj","1","2024-08-11 15:45:04","Product Datasheet"
"smart home","DL01BCP Keypad","DL01BCP-Keypad","rqqsT4hK1C5Vic1tlkDp9","1","2024-08-08 16:22:28","Product Datasheet"
"security camera","CP2","CP2","aFR4hz5UGthTb6Esgzc9F","1","2024-08-05 14:47:02","Product Datasheet"
"smart home","EP3x Pro","EP3x-Pro","7Qy1s3wmA1T7MG4mKOES1","1","2024-08-05 11:11:58","Product Datasheet"
"security camera","C7","C7","DJnfJj2zyraJ_T8D7KpGz","1","2024-08-05 09:19:04","Product Datasheet"
"uncertain","Power Partner","Power-Partner","RAsoY-Nr7ApP3KN42rP2c","1","2024-07-31 15:46:34","Product Datasheet"
"security camera","EZVIZ 400W Solar Starter Kit","EZVIZ-400W-Solar-Starter-Kit","JnATBdR6-7gDK_CrfOmI4","1","2024-07-28 16:04:14","Product Datasheet"
"security camera","H5 4G","H5-4G","Jkw4HHcK6XSek4DyHdXul","1","2024-07-18 17:33:27","Product Datasheet"
"smart home","DB2C Kit","DB2C-Kit","63VUA4DpKm_lLYKnWr93R","1","2024-07-17 17:03:53","Product Datasheet"
"smart home","DL03 Digital","DL03-Digital","_jSoQTJJqwdLO594Qer35","1","2024-07-16 14:08:20","Product Datasheet"
"smart home","DL03","DL03","9nwYWShLnXe-TM7eZrvu-","1","2024-07-15 14:16:34","Product Datasheet"
"security camera","H8c Pro 4K","H8c-Pro-4K","Gc-JQQBM3G9GTdGDWfH-c","1","2024-07-09 17:34:36","Product Datasheet"
"security camera","HP2","HP2","0f2wmmdi8N910zzQlReBQ","1","2024-07-08 09:56:12","Product Datasheet"
"smart home","DL01 Pro","DL01-Pro","WTS1l-Tz8zI93Kz810kNx","1","2024-07-04 15:18:19","Product Datasheet"
"security camera","H4","H4","mV5-oAKSG7bcB-pLf8cnp","1","2024-07-03 15:41:19","Product Datasheet"
"smart home","DL01 Pro","DL01-Pro","M1m3V2JokqWi6pBzkTABE","1","2024-06-30 10:56:03","Product Datasheet"
"security camera","TY7 Dual 2K⁺","TY7-Dual-2K","1PtqAcib9j7O8YF-5U1xI","1","2024-06-26 15:43:41","Product Datasheet"
"security camera","C6N Pro 2K","C6N-Pro-2K","e4kiRhrYToDzTvC-a-f-7","1","2024-06-23 16:11:22","Product Datasheet"
"security camera","E6","E6","tVTjfEKQea9-YHepTR-3Z","1","2024-06-16 10:53:49","Product Datasheet"
"security camera","HP5","HP5","j2fi8bhsHd894Rs9Ouxpj","1","2024-06-02 15:46:31","Product Datasheet"
"security camera","H6","H6","OoxEMBKWcCL3_Yr4cLCsC","1","2024-05-30 13:40:18","Product Datasheet"
"security camera","TY1 Pro 3K","TY1-Pro-3K","BcQWFEKsC_sEMYu-9UT5N","1","2024-05-29 14:33:04","Product Datasheet"
"security camera","TY1 Pro 2K","TY1-Pro-2K","q-PADxiIhcLWvygvlgdvB","1","2024-05-29 14:32:16","Product Datasheet"
"smart home","RE4 Plus","RE4-Plus","jfX01bJY0FaQDZaDHCU3R","1","2024-05-29 14:28:56","Product Datasheet"
"smart home","RE4","RE4","suy9BM5CcikWdQ0mBdKdW","1","2024-05-29 14:28:40","Product Datasheet"
"smart home","BM1 Datasheet","BM1-Datasheet","ZtoaLtrtl2PrvA01wtgMk","1","2024-05-28 16:43:13","Product Datasheet"
"smart home","DL50FVS (5085)","DL50FVS","MhdRmmlyAwD3or54x4VLa","1","2024-05-27 14:48:35","Product Datasheet"
"nvr","X5S Datasheet","X5S-Datasheet","JZ1uK_VgY_a1I4tPtvTEr","1","2024-05-27 14:39:12","Product Datasheet"
"security camera","H3c 3K","H3c-3K","D6LvLhCww12y8FjXgaCIL","1","2024-05-27 14:38:31","Product Datasheet"
"security camera","H6c Pro 2K","H6c-Pro-2K","85oscQWn0sl1-OO89CPZx","1","2024-05-23 16:01:54","Product Datasheet"
"security camera","H6c Pro 3K","H6c-Pro-3K","N2fgJI0MwF50HDpX8023W","1","2024-05-23 16:01:16","Product Datasheet"
"security camera","H6c Pro","H6c-Pro","TaEYdl84Hyd5e_nsryJuD","1","2024-05-23 14:44:13","Product Datasheet"
"security camera","C1C-B","C1C-B","8mjI3n-OGhYKALVjnDfp1","1","2024-05-23 09:44:26","Product Datasheet"
"security camera","H8c SE 2K","H8c-SE-2K","U877wte9HSBE8XTepDSdi","1","2024-05-10 13:41:57","Product Datasheet"
"uncertain","12W Battery Solar Panel","12W-Battery-Solar-Panel","7JPFBbP7h9GxB17Jfr2Zw","1","2024-05-08 10:58:56","Product Datasheet"
"smart home","DP2C","DP2C","j4V7lIcDmNXKFMKQkhpca","1","2024-05-06 15:12:53","Product Datasheet"
"uncertain","24W Battery Solar Panel","24W-Battery-Solar-Panel","oawWdjvWl7uaiWTGPP8N6","1","2024-04-23 16:08:49","Product Datasheet"
"uncertain","T36","T36","kLAzJgVsw1JOj5HL-rjAq","1","2024-04-23 15:47:51","Product Datasheet"
"security camera","H8c Pro 2K","H8c-Pro-2K","emSRcmlh5QCnZuAnS04Id","1","2024-04-22 15:43:05","Product Datasheet"
"security camera","H8c PoE","H8c-PoE","0NnzQRw4sZWZy5U3EnjWL","1","2024-04-16 18:26:22","Product Datasheet"
"security camera","H8c Pro 2K⁺","H8c-Pro-2K","lFlONryjz8phTy6reEhUU","1","2024-04-10 11:30:22","Product Datasheet"
"security camera","H8c Pro 3K","H8c-Pro-3K","C-W-G5XD7JUtgZW_Xf_q2","1","2024-04-10 11:29:43","Product Datasheet"
"security camera","CP7","CP7","7t8u0-rYvrcX4yHlJyfK8","1","2024-04-02 16:50:51","Product Datasheet"
"security camera","H9c Dual 2K","H9c-Dual-2K","9t67Dh5xFeT9ncO1Y7hWI","1","2024-03-17 14:01:31","Product Datasheet"
"security camera","H9c Dual 3K","H9c-Dual-3K","Y1XceKi9tEnlUQmocc61I","1","2024-03-17 14:00:50","Product Datasheet"
"security camera","H7c Dual 2K⁺","H7c-Dual-2K","pntbJP3EK_BGQ3kIsEWCH","1","2024-03-13 17:08:05","Product Datasheet"
"security camera","TY1 Pro","TY1-Pro","2oI2YyzVsRn2yHpUN4KJV","1","2024-03-12 17:51:05","Product Datasheet"
"security camera","EZVIZ Smart MicroSD Card D Series","EZVIZ-Smart-MicroSD-Card-D-Series","eAs9Jn0-bE6S5s8EjlE_-","1","2024-03-12 09:58:54","Product Datasheet"
"security camera","CH1","CH1","03_ZfilwGBQOygdPozvkQ","1","2024-03-10 15:00:59","Product Datasheet"
"security camera","CH1","CH1","ZzOeJz-I4RRZcNzNxtwi9","1","2024-03-10 14:59:32","Product Datasheet"
"security camera","EL3","EL3","2qYnW090eZOtg_3PP6-qe","1","2024-02-26 16:58:49","Product Datasheet"
"security camera","EB3 (AOV Version)","EB3-(AOV-Version)","sQ46YO_UvgvZhTmDpXT6f","1","2024-01-31 17:41:29","Product Datasheet"
"security camera","EZVIZ Smart MicroSD Card Pro Series","EZVIZ-Smart-MicroSD-Card-Pro-Series","Qzw4fXFSWMrg1SRgmOBIT","1","2024-01-15 14:58:47","Product Datasheet"
"smart home","EZVIZ 9-Piece Home Sensor Kit","EZVIZ-9-Piece-Home-Sensor-Kit","hp4nPBulUsF2tpYx7rNxe","1","2024-01-11 15:33:15","Product Datasheet"
"uncertain","SD7","SD7","uHEK2twhApiAr6zcKkvQN","1","2023-12-27 11:24:53","Product Datasheet"
"smart home","HP7","HP7","MbwEMi9Vgi8DpL7fOF2qp","1","2023-12-17 13:40:15","Product Datasheet"
"smart home","Dust Bag for Plus Robot Vacuums","Dust-Bag-for-Plus-Robot-Vacuums","XD4eIvgHVt9F3SXbEdbjL","1","2023-12-11 11:13:42","Product Datasheet"
"smart home","RH2 Fragrance Card","RH2-Fragrance-Card","24pE2VX3Wxtf0TzirHlVK","1","2023-12-11 11:13:10","Product Datasheet"
"smart home","Hard Floor Cleaning Solution","Hard-Floor-Cleaning-Solution","NHrinftILbcEh4SYvvcUI","1","2023-12-11 11:12:42","Product Datasheet"
"smart home","RH2 Rolling Brush & HEPA Kit","RH2-Rolling-Brush-and-HEPA-Kit","VQje6NjPbJd8V7T3LEaXJ","1","2023-12-10 14:19:10","Product Datasheet"
"smart home","RS2 Accessory Pack","RS2-Accessory-Pack","zGdOUTq2L1y6advEfd_20","1","2023-12-10 11:24:05","Product Datasheet"
"smart home","DL05","DL05","KzkWdawFBuJjMXanqsa4r","1","2023-12-07 17:07:54","Product Datasheet"
"smart home","A3-R200","A3-R200","v7Z92FPVggQrQh4GSw9Zt","1","2023-11-16 13:34:46","Product Datasheet"
"uncertain","RC3 Plus","RC3-Plus","4PHvrfhf2YKvnVB0RwEYw","1","2023-11-14 15:12:33","Product Datasheet"
"security camera","CP1 3MP","CP1-3MP","s5UBGfix-7BPRvLfX4EZf","1","2023-11-13 15:53:15","Product Datasheet"
"security camera","LC3","LC3","IXPibXnQDBk2ln2lYSkKB","1","2023-11-13 15:53:15","Product Datasheet"
"smart home","DB2","DB2","Wx_IirlFZvCQUesK0xPmL","1","2023-11-13 15:53:15","Product Datasheet"
"smart home","EZVIZ 4-Piece Home Sensor Kit","EZVIZ-4-Piece-Home-Sensor-Kit","ARWKFgRCNBT3k6t10ZcgK","1","2023-11-13 15:53:15","Product Datasheet"
"security camera","C1HC H.265","C1HC-H.265","hO3q9o4dmLdJs6Cm7y-dp","1","2023-11-13 15:53:15","Product Datasheet"
"security camera","C6N 4MP","C6N-4MP","-hDOjns-0bkMC4Xx5Xb0T","1","2023-11-13 15:53:15","Product Datasheet"
"uncertain","Wall Mount Bracket","Wall-Mount-Bracket","VEJkfEnSPpZxJSqEeGUFk","1","2023-11-13 15:53:15","Product Datasheet"
"security camera","LC1C","LC1C","eA19fl1gaz3kO00xdK22w","1","2023-11-13 15:53:15","Product Datasheet"
"security camera","C3WN","C3WN","kZxVbrA0KVhUluZMKaVrq","1","2023-11-13 15:53:15","Product Datasheet"
"security camera","BC1-B2 2K⁺","BC1-B2-2K","5YmbSdVzSTOl_XneeQ_0q","1","2023-11-13 15:53:15","Product Datasheet"
"smart home","T51C","T51C","pSTBM7v17-a2ZpmPNf3LM","1","2023-11-13 15:53:15","Product Datasheet"
"security camera","BC1-B3","BC1-B3","uhpCY8unTv1jk-o4Wi5Mm","1","2023-11-13 15:53:15","Product Datasheet"
"security camera","H8 Pro 2K","H8-Pro-2K","gbm4H82HsCGuu_ix8Qf-Z","1","2023-11-13 15:53:15","Product Datasheet"
"security camera","H3c","H3c","TkUYfw3EdzfvRtNQcq5C6","1","2023-11-13 15:53:15","Product Datasheet"
"network","W3R","W3R","DoFOpdbWECvM6SH6a78py","1","2023-11-13 15:53:15","Product Datasheet"
"security camera","BC1-B1","BC1-B1","KbyHIC_Tycdv_oRd_YUZ4","1","2023-11-13 15:53:15","Product Datasheet"
"security camera","C1HC","C1HC","4ScX5V7vhh8sIeZ02l7dh","1","2023-11-13 15:53:15","Product Datasheet"
"security camera","H3 2K","H3-2K","YPzIWczFCdPvihF95z8zy","1","2023-11-13 15:53:15","Product Datasheet"
"security camera","C6","C6","u1rtXt4mciqjooK8wOeFn","1","2023-11-13 15:53:15","Product Datasheet"
"smart home","Chime","Chime","cjFmmGgzBvAgK0u3EjIzt","1","2023-11-13 15:53:15","Product Datasheet"
"smart home","T1C PIR Motion Sensor","T1C-PIR-Motion-Sensor","jCRdvHLRIH5GdMcCZJYcH","1","2023-11-13 15:53:15","Product Datasheet"
"security camera","C1C","C1C","NTGmczTBNgpXnmb30BDfd","1","2023-11-13 15:53:15","Product Datasheet"
"security camera","BC1-B3 2K⁺","BC1-B3-2K","8PetpuMrkiWRMmCDGmzgl","1","2023-11-13 15:53:15","Product Datasheet"
"security camera","C3TN Color","C3TN-Color","iD3yu7r04rek6DEJEAgkJ","1","2023-11-13 15:53:15","Product Datasheet"
"security camera","H3c Color","H3c-Color","WaxEfEv8_kEROlYmlauud","1","2023-11-13 15:53:15","Product Datasheet"
"security camera","Solar Charging Panel-D","Solar-Charging-Panel-D","EoC8_woeDXY0xF_Eed8g8","1","2023-11-13 15:53:15","Product Datasheet"
"security camera","HP4","HP4","lGvF2qDTiEnktNDZO1w6J","1","2023-11-13 15:53:15","Product Datasheet"
"security camera","H8c 2K","H8c-2K","7FxDcezv7xY6vPXswdw1k","1","2023-11-13 15:53:15","Product Datasheet"
"security camera","Solar Charging Panel","Solar-Charging-Panel","TnuYpiGbgM7u6vRk4QBmK","1","2023-11-13 15:53:15","Product Datasheet"
"smart home","RS2","RS2","sAyEky-vMaBvzjnkvSOhl","1","2023-11-13 15:53:15","Product Datasheet"
"smart home","DB2 Pro","DB2-Pro","NEQY8lkcNfB4qhqot7PDF","1","2023-11-13 15:53:15","Product Datasheet"
"smart home","DL01P","DL01P","7uyTPO_1dXDcBTyhwEDiY","1","2023-11-13 15:53:15","Product Datasheet"
"uncertain","Transformer","Transformer","aUbTQ5-cPclht9VIa7xZC","1","2023-11-13 15:53:15","Product Datasheet"
"security camera","C8C","C8C","HUb9x9seLSctaldCnU94N","1","2023-11-13 15:53:15","Product Datasheet"
"security camera","BC1-Add-on 2K⁺","BC1-Add-on-2K","VpI5FCL_EjkqtpwtuXwOO","1","2023-11-13 15:53:15","Product Datasheet"
"security camera","H6c 2K⁺","H6c-2K","L6sDJe7bk5VqxwDmGsD0x","1","2023-11-13 15:53:15","Product Datasheet"
"security camera","Adjustable Cylinder","Adjustable-Cylinder","6AQ6eNAJzFBXVYXi-yB7j","1","2023-11-13 15:53:15","Product Datasheet"
"security camera","C1T","C1T","pxl9srgo_3KbUh1LqDQwa","1","2023-11-13 15:53:15","Product Datasheet"
"security camera","C6N","C6N","UjvHdzlbJJy8BtkITg0io","1","2023-11-13 15:53:15","Product Datasheet"
"security camera","TY1 4MP","TY1-4MP","ju8c7B8_1at1lJVkOrOTF","1","2023-11-13 15:53:15","Product Datasheet"
"security camera","CB1","CB1","7pD4eBpT0Hyt4GuEClJ7K","1","2023-11-13 15:53:15","Product Datasheet"
"nvr","X5S-16H","X5S-16H","qrIx2LsDJE9MvkF5SVvPj","1","2023-11-13 15:53:15","Product Datasheet"
"security camera","C2C (Mini O Plus)","C2C-(Mini-O-Plus)","KnlhBAwyV-o_oXrq2fd6X","1","2023-11-13 15:53:15","Product Datasheet"
"network","C3T WIFI","C3T-WIFI","P0DuajFYnmMiGKLXckYBU","1","2023-11-13 15:53:15","Product Datasheet"
"security camera","C3T POE","C3T-POE","cQwIvQQhJUCbzFvvua30N","1","2023-11-13 15:53:15","Product Datasheet"
"uncertain","RC3","RC3","2YNDP4rzna_ZfkIVHY0UX","1","2023-11-13 15:53:15","Product Datasheet"
"smart home","DB1C Kit","DB1C-Kit","O2f1nRfTdkUDHQ1cRwIcY","1","2023-11-13 15:53:15","Product Datasheet"
"uncertain","A1 Datasheet","A1-Datasheet","fuZmfGx2djLgMOUUGzH7Y","1","2023-11-13 15:53:15","Product Datasheet"
"smart home","RE5","RE5","9Ns_2zym0zd6hsTLfuAd_","1","2023-11-13 15:53:15","Product Datasheet"
"uncertain","T1 Datasheet","T1-Datasheet","BexkaUMkh6K3qTN-IzyH9","1","2023-11-13 15:53:15","Product Datasheet"
"uncertain","T2 Datasheet","T2-Datasheet","yMA_1psf9HXZSlXbk7Gqo","1","2023-11-13 15:53:15","Product Datasheet"
"uncertain","T35W","T35W","OpldgQOfxknlCB-FeMXXS","1","2023-11-13 15:53:15","Product Datasheet"
"smart home","A3 Home Getaway","A3-Home-Getaway","sgS-z63eFWWtuXCIqWyNv","1","2023-11-13 15:53:15","Product Datasheet"
"uncertain","T9 Datasheet","T9-Datasheet","1_12gBDsDp2mblF72h-6U","1","2023-11-13 15:53:15","Product Datasheet"
"uncertain","T9 Datasheet","T9-Datasheet","fI0-bmzzObsD5Y5XYBj8j","1","2023-11-13 15:53:15","Product Datasheet"
"security camera","HB8","HB8","m5MXsn00Wjo8GlZYhVT9l","1","2023-11-13 15:53:15","Product Datasheet"
"uncertain","L2","L2","AwhH3khdA7hQ4PfD-Rq9z","1","2023-11-13 15:53:15","Product Datasheet"
"security camera","H8 Pro 3K","H8-Pro-3K","-rTzsoBN2XPTRVbtn-O4v","1","2023-11-13 15:53:15","Product Datasheet"
"security camera","CP1 4MP","CP1-4MP","Ld9jtYe3cJMUuH0tabB-U","1","2023-11-13 15:53:15","Product Datasheet"
"security camera","TY1 3MP","TY1-3MP","6oO3qgHO60WASUh9px6tE","1","2023-11-13 15:53:15","Product Datasheet"
"uncertain","T30-10B-US","T30-10B-US","Q7ucrZ4UlBhTqcgB69E4h","1","2023-11-13 15:53:15","Product Datasheet"
"uncertain","L2S","L2S","urCDZ2FSH2DbGWL5a0_9X","1","2023-11-13 15:53:15","Product Datasheet"
"security camera","H3c 2K⁺","H3c-2K","D9Py8JjScVnLwHECOBiPS","1","2023-11-13 15:53:15","Product Datasheet"
"security camera","BC1-B2","BC1-B2","Ai7ZHjyem4Ofl_ezi3oTw","1","2023-11-13 15:53:15","Product Datasheet"
"security camera","C3S","C3S","quoorarqtpgEkWqodKnfG","1","2023-11-13 15:53:15","Product Datasheet"
"security camera","C3W (ezGuard)","C3W-(ezGuard)","H8hGiRhbyCp6ag7QYq2e9","1","2023-11-13 15:53:15","Product Datasheet"
"uncertain","S3 Datasheet","S3-Datasheet","Vd6CNKTF2G9p_ttH7pbod","1","2023-11-13 15:53:15","Product Datasheet"
"nvr","X5S POE","X5S-POE","dZp8ySb-0wG5bwQGbZxRD","1","2023-11-13 15:53:15","Product Datasheet"
"security camera","X3C (ezNAS) Datasheet","X3C-(ezNAS)-Datasheet","Kup5IFLG9oXadcChIdbux","1","2023-11-13 15:53:15","Product Datasheet"
"uncertain","A1S","A1S","5FYqREv6PmbUaAIOXE7EO","1","2023-11-13 15:53:15","Product Datasheet"
"uncertain","T30-10A-US","T30-10A-US","ZIscPQ5VMUs8RlKwxo_zD","1","2023-11-13 15:53:15","Product Datasheet"
"security camera","C3A Dual Slot Charger","C3A-Dual-Slot-Charger","CSapkVFBf7mgSYPnzBz4X","1","2023-11-13 15:53:15","Product Datasheet"
"smart home","T55","T55","T36h2ecYBcQd_p0bV28cz","1","2023-11-13 15:53:15","Product Datasheet"
"security camera","C6TC","C6TC","3-r2axcTEPgrs8oatdIdM","1","2023-11-13 15:53:15","Product Datasheet"
"security camera","C4W","C4W","XYv1flBWj2m--stJ1eLyO","1","2023-11-13 15:53:15","Product Datasheet"
"uncertain","W3C","W3C","o92vKrfv1pMvkAx90yXf6","1","2023-11-13 15:53:15","Product Datasheet"
"uncertain","T6 Datasheet","T6-Datasheet","FYIKVU5-ckFGkM4YZKME-","1","2023-11-13 15:53:15","Product Datasheet"
"security camera","C6W","C6W","9PmCKULqTIQGfQs95CUyJ","1","2023-11-13 15:53:15","Product Datasheet"
"uncertain","Rechargeable Battery","Rechargeable-Battery","BJiXGArqOLWmL3nmcLneQ","1","2023-11-13 15:53:15","Product Datasheet"
"uncertain","Alarm Starter Kit Datasheet","Alarm-Starter-Kit-Datasheet","4caHr4hr1F2-8kAnDaPtX","1","2023-11-13 15:53:15","Product Datasheet"
"security camera","C8W Pro 3K","C8W-Pro-3K","YobTWS-t7ZA89qwCgGbwR","1","2023-11-13 15:53:15","Product Datasheet"
"uncertain","T1 Datasheet","T1-Datasheet","oq7lrqjFPasiATwyvDdDf","1","2023-11-13 15:53:15","Product Datasheet"
"security camera","C4S","C4S","SLHXUjGP-wAN0WAN_GkYx","1","2023-11-13 15:53:15","Product Datasheet"
"uncertain","T6 Datasheet","T6-Datasheet","Jc3O-1MTxKTkV-0QjSOqy","1","2023-11-13 15:53:15","Product Datasheet"
"security camera","TY1 1080P","TY1-1080P","fmzMVvd2pDuIoHLMfGXIK","1","2023-11-13 15:53:15","Product Datasheet"
"security camera","C3A+W2D Hub","C3A+W2D-Hub","i8LS_taXQZPuuhhKrYgjE","1","2023-11-13 15:53:15","Product Datasheet"
"security camera","H8c 2K⁺","H8c-2K","W50qhagHOf9PsLlLugnAW","1","2023-11-13 15:53:15","Product Datasheet"
"smart home","DB1 Pro","DB1-Pro","lePC-_duVfKGJy0NVlSQl","1","2023-11-13 15:53:15","Product Datasheet"
"security camera","EZVIZ MicroSD Cards","EZVIZ-MicroSD-Cards","7f-d3k25FCDFvzESsOTdK","1","2023-11-13 15:53:15","Product Datasheet"
"security camera","C3N","C3N","GDb-gaUIE4FJNyWgZymqK","1","2023-11-13 15:53:15","Product Datasheet"
"uncertain","T35WM","T35WM","deLR9bRWglReResJFFCle","1","2023-11-13 15:53:15","Product Datasheet"
"security camera","LC1C","LC1C","WxkGoKN_6p2ddOuv3dN4m","1","2023-11-13 15:53:15","Product Datasheet"
"uncertain","T2 Datasheet","T2-Datasheet","FA9rXLAM88fxdUz2kcFk_","1","2023-11-13 15:53:15","Product Datasheet"
"security camera","LC1","LC1","LUKxd7RfhhIw_u1EtlKOb","1","2023-11-13 15:53:15","Product Datasheet"
"smart home","T3C Smart Button","T3C-Smart-Button","7t5FrayJ6cedmVsqpDxyM","1","2023-11-13 15:53:15","Product Datasheet"
"security camera","H3 3K","H3-3K","AjYXHeXDxF0EdrhUsV0CP","1","2023-11-13 15:53:15","Product Datasheet"
"security camera","EB8 4G","EB8-4G","qY89I0lwq5Se8otiqD7ov","1","2023-11-13 15:53:15","Product Datasheet"
"security camera","C3X","C3X","HLDGYNah9X57CpdUARqyH","1","2023-11-13 15:53:15","Product Datasheet"
"nvr","X5C (ezNVR) Datasheet","X5C-(ezNVR)-Datasheet","VDXDRj9AuAZHUZoiAjKKd","1","2023-11-13 15:53:15","Product Datasheet"
"uncertain","T3 Datasheet","T3-Datasheet","e9PWxL2nw0s8a9NCvtd6g","1","2023-11-13 15:53:15","Product Datasheet"
"security camera","C2C 720P","C2C-720P","PRIotUGbPQklCuR3hUQSP","1","2023-11-13 15:53:15","Product Datasheet"
"uncertain","W6 (SD05GP)","W6-(SD05GP)","CWohffTQb9XtAoR2DmIB7","1","2023-11-13 15:53:15","Product Datasheet"
"uncertain","W6 (SD05G)","W6-(SD05G)","t99IuKnysf-9FGOj17rn1","1","2023-11-13 15:53:15","Product Datasheet"
"security camera","Security Cameras","Security-Cameras","jSsTS1LyX712C5hpSJfBL","1","2023-11-13 15:53:15","Product Datasheet"
"action camera","S6 Datasheet","S6-Datasheet","Y-ACFElLlxCrPVQqXFVja","1","2023-11-13 15:53:15","Product Datasheet"
"smart home","Smart Chime","Smart-Chime","oAv7iVZJzeV0MAIo3VSXh","1","2023-11-13 15:53:15","Product Datasheet"
"uncertain","W6 (SD09G)","W6-(SD09G)","GbLum47BhMpl-AHn1qLQQ","1","2023-11-13 15:53:15","Product Datasheet"
"security camera","CB3","CB3","9WK7soqGNuLpVwbqfHTx4","1","2023-11-13 15:53:15","Product Datasheet"
"security camera","CP1 Pro 2K+","CP1-Pro-2K+","RZjfGlXlWS5SYTt-r2Ot0","1","2023-11-13 15:53:15","Product Datasheet"
"security camera","C3X 2K⁺","C3X-2K","Iw_3wG85Ge-nWm4dUulXp","1","2023-11-13 15:53:15","Product Datasheet"
"security camera","C6C (ez360)","C6C-(ez360)","dmm5N50UbjsGIYkyF3CB8","1","2023-11-13 15:53:15","Product Datasheet"
"security camera","C6CN","C6CN","Ka3v8kVh3Bt1vGf81f-cy","1","2023-11-13 15:53:15","Product Datasheet"
"uncertain","LB1-White","LB1-White","YoyabB1fPrqO6pP4OP9CX","1","2023-11-13 15:53:15","Product Datasheet"
"security camera","C3C","C3C","ouCcFNQVbF0_z7NejWbMA","1","2023-11-13 15:53:15","Product Datasheet"
"uncertain","K2 Datasheet","K2-Datasheet","JChfEzGkVBVM8fjZCrUZH","1","2023-11-13 15:53:15","Product Datasheet"
"smart home","DP2","DP2","XjvUxIbEsxfU4JJt-asNu","1","2023-11-13 15:53:15","Product Datasheet"
"smart home","DP2 2K","DP2-2K","nSLNVsJGuQQB6I29RfmCj","1","2023-11-13 15:53:15","Product Datasheet"
"security camera","TY2","TY2","icZejk2jnFiSk8K7t6-XB","1","2023-11-13 15:53:15","Product Datasheet"
"security camera","ezCube","ezCube","W9G3rXLTRBs-xvm0d9CyX","1","2023-11-13 15:53:15","Product Datasheet"
"smart home","T2C Open/Close Sensor","T2C-OpenClose-Sensor","enYHO0rHgr2mIoeCdH_vj","1","2023-11-13 15:53:15","Product Datasheet"
"security camera","C3A+WLB 4G Hub","C3A+WLB-4G-Hub","lfM3OUIXDRKKW-dnPTqsv","1","2023-11-13 15:53:15","Product Datasheet"
"security camera","EB250A Air Purifier","EB250A-Air-Purifier","7fooWOe6WDEvln-0aQaHw","1","2023-11-13 15:53:15","Product Datasheet"
"uncertain","W3","W3","Goa5plJQVgBDwMLQcNMnV","1","2023-11-13 15:53:15","Product Datasheet"
"uncertain","T9C","T9C","A075i9UA3wsXE9nlivr4v","1","2023-11-13 15:53:15","Product Datasheet"
"security camera","EZVIZ eLife","EZVIZ-eLife","BtDhR396CxcwD5OtEdDcj","1","2023-11-13 15:53:15","Product Datasheet"
"uncertain","K3","K3","1OFhezm0B_VtSMHOFn0VN","1","2023-11-13 15:53:15","Product Datasheet"
"uncertain","T10 Datasheet","T10-Datasheet","NEBJAwHA_1Bxm9cPXWQGx","1","2023-11-13 15:53:15","Product Datasheet"
"security camera","C8W","C8W","LyZ818nDt-a4SAEJYB7Pq","1","2023-11-13 15:53:15","Product Datasheet"
"security camera","c1c pir","c1c-pir","7uSiuBvi3IBLcJJhJ6h-A","1","2023-11-13 15:53:15","Product Datasheet"
"security camera","T31(EU)","T31(EU)","qzJnBiV8iOXuaGx2MHjcW","1","2023-11-13 15:53:15","Product Datasheet"
"security camera","BC2","BC2","L6Lnq0Mni3pMm_WlNc7WF","1","2023-11-13 15:53:15","Product Datasheet"
"security camera","H8c","H8c","jT_A8s3hCssH5FzhEAFoh","1","2023-11-13 15:53:15","Product Datasheet"
"security camera","TY1 Pro 2K+","TY1-Pro-2K+","3GJ0HWdMmFbtBSd48-uBx","1","2023-11-13 15:53:15","Product Datasheet"
"security camera","C3A W2D (US Version)","C3A-W2D-(US-Version)","aaxpSXq7bDAvNDyNdH1qU","1","2023-11-13 15:53:15","Product Datasheet"
"security camera","HB3-B1 Datasheet","HB3-B1-Datasheet","QplC_IbRIbtleV_wuakMP","1","2023-11-13 15:53:15","Product Datasheet"
"uncertain","DP1C","DP1C","Dq7kLbZ1Zzmto4PskUdaz","1","2023-11-13 15:53:15","Product Datasheet"
"security camera","CB8","CB8","4SMuVQkS9T4cFQGU2x8xw","1","2023-11-13 15:53:15","Product Datasheet"
"security camera","Mini Plus","Mini-Plus","YrXzugzzQN0MW8pRFqS1q","1","2023-11-13 15:53:15","Product Datasheet"
"security camera","EZVIZ eLife 2K+","EZVIZ-eLife-2K+","u4-XnsS9mzYetwd4aTXjM","1","2023-11-13 15:53:15","Product Datasheet"
"security camera","LB1-Color","LB1-Color","cmddyGoSBbUweYJU1UEky","1","2023-11-13 15:53:15","Product Datasheet"
"uncertain","PSP200","PSP200","SThsDsk8rg-ppOx8J0KcT","1","2023-11-13 15:53:15","Product Datasheet"
"action camera","S2 Datasheet","S2-Datasheet","mqWjVUbYRmzqf4JStpsJs","1","2023-11-13 15:53:15","Product Datasheet"
"smart home","T10C","T10C","bdrVdecPk7zaOdyJpNEHF","1","2023-11-13 15:53:15","Product Datasheet"
"uncertain","T2 Datasheet","T2-Datasheet","eXLIcZ0NxuP2AIeXoMCS7","1","2023-11-13 15:53:15","Product Datasheet"
"smart home","DB2-B Pro","DB2-B-Pro","LHf8JnN5HoBHlLHvCEbYG","1","2023-11-13 15:53:15","Product Datasheet"
"uncertain","T31(UK)","T31(UK)","XbWjQv1k02FQtSokczthi","1","2023-11-13 15:53:15","Product Datasheet"
"security camera","H1c","H1c","nF5Bk_0k14mxP5bxj45su","1","2023-11-13 15:53:15","Product Datasheet"
"security camera","C6P (ez360 Pano)","C6P-(ez360-Pano)","fGydrEd1OH0Gh8sSzCjAT","1","2023-11-13 15:53:15","Product Datasheet"
"security camera","C3TN 2MP","C3TN-2MP","7_2vYN1abiFkYFJxns7sZ","1","2023-11-13 15:53:15","Product Datasheet"
"smart home","HP7","HP7","aV63CddSPayBmkOBW2Oei","1","2023-11-13 15:53:15","Product Datasheet"
"security camera","C3W Pro","C3W-Pro","hzLwxxM33BJrGmhcYpj98","1","2023-11-13 15:53:15","Product Datasheet"
"security camera","C3W Color Night Vision","C3W-Color-Night-Vision","Junj4XyFnFuPyWbQ6dxLE","1","2023-11-13 15:53:15","Product Datasheet"
"smart home","DB1C","DB1C","3OQXD0UqjDAcKg7CF_B6F","1","2023-11-13 15:53:15","Product Datasheet"
"uncertain","PS1300","PS1300","y6UxS8vFh_1dgQsvUTPvx","1","2023-11-13 15:53:15","Product Datasheet"
"security camera","CP1 Pro","CP1-Pro","ahpIiV4pUYsh8TzzAguoO","1","2023-11-13 15:53:15","Product Datasheet"
"security camera","HB3-B2 Datasheet","HB3-B2-Datasheet","GZrtAr75vNyySdP1p2Xmi","1","2023-11-13 15:53:15","Product Datasheet"
"security camera","C3TN 3MP","C3TN-3MP","VBPQE_w88maHXttcs_uH0","1","2023-11-13 15:53:15","Product Datasheet"
"security camera","CB2","CB2","kovN3QTB4_SDHMaeiBaEV","1","2023-11-13 15:53:15","Product Datasheet"
"uncertain","T1 Datasheet","T1-Datasheet","5aF2F4PKxZDjnFveuh-K4","1","2023-11-13 15:53:15","Product Datasheet"
"uncertain","W6 (SD09GP)","W6-(SD09GP)","JMziGyJsDIEJnZ2PVbWRz","1","2023-11-13 15:53:15","Product Datasheet"
"smart home","DL01CP","DL01CP","XwhGDUV7_WuW4T4ertOm-","1","2023-11-13 15:53:15","Product Datasheet"
"security camera","BC1-Add-on","BC1-Add-on","o2LjPobymNx_kFQmikgQ-","1","2023-11-13 15:53:15","Product Datasheet"
"uncertain","K2 Datasheet","K2-Datasheet","rO8AG6CBZPvZFPvqmSbLU","1","2023-11-13 15:53:15","Product Datasheet"
"uncertain","T6 Datasheet","T6-Datasheet","isKYtezoxA3DfEWkAgM61","1","2023-11-13 15:53:15","Product Datasheet"
"smart home","RE5 Plus","RE5-Plus","0FG2QPRihfc4Yx73kG9-K","1","2023-11-13 15:53:15","Product Datasheet"
"uncertain","Mounting Bracket","Mounting-Bracket","Ym_4RxFyvD7e2w8YloklM","1","2023-11-13 15:53:15","Product Datasheet"
"security camera","C2C (Mini O)","C2C-(Mini-O)","OpUTHci8E_LvgNyiUu4FJ","1","2023-11-13 15:53:15","Product Datasheet"
"security camera","C6B","C6B","tx4Q6FM25QycYBu2u0mjE","1","2023-11-13 15:53:15","Product Datasheet"
"uncertain","PS600","PS600","C5UvXZMHB-75I1YXBvgh1","1","2023-11-13 15:53:15","Product Datasheet"
"uncertain","PS300","PS300","siszJkWjfNfonBzmlV_nJ","1","2023-11-13 15:53:15","Product Datasheet"
"uncertain","A1 Datasheet","A1-Datasheet","fjQ4uhzSsh8nFIgafSDG0","1","2023-11-13 15:53:15","Product Datasheet"
"security camera","C1C PIR","C1C-PIR","M7wBfu3JiD9zT2KTEf1D5","1","2023-11-13 15:53:15","Product Datasheet"
"uncertain","A1 Datasheet","A1-Datasheet","89KFEK-2DJ_MwpFWPDYed","1","2023-11-13 15:53:15","Product Datasheet"
"security camera","C2C H.265","C2C-H.265","-uNXguDmxczyL5c-zNBlX","1","2023-11-13 15:53:15","Product Datasheet"
"security camera","H3c 2K","H3c-2K","lDq7IdgVBlDakBx2WQskV","1","2023-11-13 15:53:15","Product Datasheet"
"security camera","T30-10A-EU","T30-10A-EU","6USQGK0fRnCjz97vUVujX","1","2023-11-13 15:53:15","Product Datasheet"
"security camera","EB3","EB3","qamGpChz_5qmotryPXMev","1","2023-11-13 15:53:15","Product Datasheet"
"security camera","C3A","C3A","Naq0alxJheigqQV27lXqy","1","2023-11-13 15:53:15","Product Datasheet"
"nvr","X5S-16L2","X5S-16L2","f7NFDe2kJsQFE6aE8S3uR","1","2023-11-13 15:53:15","Product Datasheet"
"uncertain","T31(US)","T31(US)","LT-4F_aNqb-yTYLe_qMTB","1","2023-11-13 15:53:15","Product Datasheet"
"smart home","RH2","RH2","7SXmdnY1CdzPky7ifdEuU","1","2023-11-13 15:53:15","Product Datasheet"
"security camera","EB350A Air Purifier","EB350A-Air-Purifier","aIVORKOs207rm04pYz0QW","1","2023-11-13 15:53:15","Product Datasheet"
"smart home","DB2-B","DB2-B","qWyFaDCJ7z1lp4EBuMYpx","1","2023-11-13 15:53:15","Product Datasheet"
"security camera","C3W Pro (4MP)","C3W-Pro-(4MP)","HicMAMUF5PMhjRiZu4HxA","1","2023-11-13 15:53:15","Product Datasheet"
"uncertain","T9 Datasheet","T9-Datasheet","Zm02vubQJO-F2OcxrSuLm","1","2023-11-13 15:53:15","Product Datasheet"
"security camera","Upgraded C6CN","Upgraded-C6CN","Po9lkxjU4xVv5RXo2MM_1","1","2023-11-13 15:53:15","Product Datasheet"
"security camera","C8PF","C8PF","uGG42t_anWhfSAD6zCjno","1","2023-11-13 15:53:15","Product Datasheet"
"smart home","DB1 Datasheet","DB1-Datasheet","CU6z7s34IDJSYO0GyCvrL","1","2023-11-13 15:53:15","Product Datasheet"
"security camera","T30-10B-EU","T30-10B-EU","33qeEpzjCRhkDjO0S61hY","1","2023-11-13 15:53:15","Product Datasheet"
"security camera","ezWireless Kit","ezWireless-Kit","xZQ4Sv4SZS6dsK4KLWk3X","1","2023-11-13 15:53:15","Product Datasheet"
"uncertain","DP1 Datasheet","DP1-Datasheet","g0tp0mfJYf2W4dWcOch3-","1","2023-11-13 15:53:15","Product Datasheet"
"uncertain","T4","T4","bMyGsMvGE8h24ojE62fJw","1","2023-11-13 15:53:15","Product Datasheet"
"security camera","LC1","LC1","K9t_voXUWzN-sY-7pq7eY","1","2023-11-13 15:53:15","Product Datasheet"
"security camera","H6c","H6c","T_6GG7FFWWlyGRdspmsPk","1","2023-11-13 15:53:15","Product Datasheet"
"security camera","HB3-Add-On Datasheet","HB3-Add-On-Datasheet","SOyzjn0D3ngS3tQkDC6-N","1","2023-11-13 15:53:15","Product Datasheet"
"security camera","C8C Lite","C8C-Lite","jceNgtQirlQEO7W8-YFPQ","1","2023-11-13 15:53:15","Product Datasheet"
"security camera","C2C (Mini O 180)","C2C-(Mini-O-180)","nMWDi8R83ue4D_lre3Vlm","1","2023-11-13 15:53:15","Product Datasheet"
"smart home","RH1","RH1","fNyTEFUNuC9lGmFsSqbck","1","2023-11-13 15:53:15","Product Datasheet"
"uncertain","PSP100","PSP100","b5x5p46F8zZWKEfKlCZ3t","1","2023-11-13 15:53:15","Product Datasheet"
"security camera","C8W Pro 2K","C8W-Pro-2K","iADKj4FJC8h5tRloXRpIK","1","2023-11-13 15:53:15","Product Datasheet"
"uncertain","K2 Datasheet","K2-Datasheet","7F8xvV8XOVnW7Q4Hp47lH","1","2023-11-13 15:53:15","Product Datasheet"
"smart home","DL01S","DL01S","QDCUZ3ooUtcerq4UnCFwq","1","2023-11-13 15:53:15","Product Datasheet"
"security camera","C6N 3MP","C6N-3MP","gkzx_nEK-U4ilRBf8gC91","1","2023-11-13 15:53:15","Product Datasheet"
"security camera","BC1-B1 2K⁺","BC1-B1-2K","UZOOJ5iX4HHoAEwhWMHun","1","2023-11-13 15:53:15","Product Datasheet"