category,title,pathname,downloadId,parentDownloadId,state,updatedAt,typeTitle,path
smart home, T31-16E-EU,T31-16E-EU,jXN0H1fleOAU3kjKOacNw,sE1vSD0fTCa5K7qT2YrTl,1,2025/9/9 23:14,Product Datasheet, T31-16E-EU
smart home,4-Piece Home Sensor Kit 2.0,4-Piece-Home-Sensor-Kit-2.0,cGgMMV5xdPqI6P_5vtVeX,sE1vSD0fTCa5K7qT2YrTl,1,2024/12/30 15:29,Product Datasheet,4-Piece Home Sensor Kit 2.0
smart home,8W Battery Solar Panel,8W-Battery-Solar-Panel,TB-ThdjYDwd-1mdImthoI,sE1vSD0fTCa5K7qT2YrTl,1,2025/10/16 1:14,Product Datasheet,8W Battery Solar Panel
smart home,Adjustable Cylinder,Adjustable-Cylinder,6AQ6eNAJzFBXVYXi-yB7j,sE1vSD0fTCa5K7qT2YrTl,1,2023/11/13 15:53,Product Datasheet,Adjustable Cylinder
smart home,Akiitu Pro 35W Charger (UK Plug),Akiitu-Pro-35W-Charger-(UK-Plug),nm5rS_VdHUtiG4GkOuSHW,sE1vSD0fTCa5K7qT2YrTl,1,2025/11/23 22:09,Product Datasheet,Akiitu Pro 35W Charger (UK Plug)
smart home,Akiitu Pro 35W Charger (US Plug),Akiitu-Pro-35W-Charger-(US-Plug),5MdDbJWy0YTctVR3_4dZl,sE1vSD0fTCa5K7qT2YrTl,1,2025/12/22 19:16,Product Datasheet,Akiitu Pro 35W Charger (US Plug)
smart home,Akiitu Pro 65W Charger,Akiitu-Pro-65W-Charger,i3jdsrOfEZLTrwoMAtmHr,sE1vSD0fTCa5K7qT2YrTl,1,2025/11/4 23:49,Product Datasheet,Akiitu Pro 65W Charger
smart home,Akiitu Pro 65W Charger (EU Plug),Akiitu-Pro-65W-Charger-(EU-Plug),GV2m1xHSZprrc6peGpkBx,sE1vSD0fTCa5K7qT2YrTl,1,2025/12/2 0:39,Product Datasheet,Akiitu Pro 65W Charger (EU Plug)
smart home,Akiitu Pro Series Charge Cable,Akiitu-Pro-Series-Charge-Cable,UpCFbYLVF9IM7HXMdEJn3,sE1vSD0fTCa5K7qT2YrTl,1,2025/12/23 21:38,Product Datasheet,Akiitu Pro Series Charge Cable
smart home,Akiitu Supersoft Series (C-C),Akiitu-Supersoft-Series-(C-C),N5ot21TbjiRWC9gyDQJVf,sE1vSD0fTCa5K7qT2YrTl,1,2025/11/21 0:54,Product Datasheet,Akiitu Supersoft Series (C-C)
smart home,CB2 4G Kit,CB2-4G-Kit,XiR6f3Bw6mbYvWUfzC_rB,sE1vSD0fTCa5K7qT2YrTl,1,2024/12/12 17:31,Product Datasheet,CB2 4G Kit
smart home,CB3 4G Kit,CB3-4G-Kit,p-eGvFu8xTnPunv9Jvmcj,sE1vSD0fTCa5K7qT2YrTl,1,2025/4/17 23:15,Product Datasheet,CB3 4G Kit
smart home,CH1,CH1,ZzOeJz-I4RRZcNzNxtwi9,sE1vSD0fTCa5K7qT2YrTl,1,2024/3/10 14:59,Product Datasheet,CH1
smart home,Chime,Chime,cjFmmGgzBvAgK0u3EjIzt,sE1vSD0fTCa5K7qT2YrTl,1,2023/11/13 15:53,Product Datasheet,Chime
smart home,CP2,CP2,aFR4hz5UGthTb6Esgzc9F,sE1vSD0fTCa5K7qT2YrTl,1,2024/8/5 14:47,Product Datasheet,CP2
smart home,CP3,CP3,1wTGeh9HIR8MRgOs63B1g,sE1vSD0fTCa5K7qT2YrTl,1,2024/8/21 11:30,Product Datasheet,CP3
smart home,CP3 Pro,CP3-Pro,enefxTlG5uK_yq5LFGQ52,sE1vSD0fTCa5K7qT2YrTl,1,2024/11/20 16:52,Product Datasheet,CP3 Pro
smart home,CP4,CP4,NCGWqX0TntvOOp3E72L2T,sE1vSD0fTCa5K7qT2YrTl,1,2025/8/4 21:44,Product Datasheet,CP4
smart home,CP5,CP5,u1RBFEXrK2RGR_iKFTOQc,sE1vSD0fTCa5K7qT2YrTl,1,2024/12/24 10:04,Product Datasheet,CP5
smart home,CP7,CP7,7t8u0-rYvrcX4yHlJyfK8,sE1vSD0fTCa5K7qT2YrTl,1,2024/4/2 16:50,Product Datasheet,CP7
smart home,DB1 Datasheet,DB1-Datasheet,CU6z7s34IDJSYO0GyCvrL,sE1vSD0fTCa5K7qT2YrTl,1,2023/11/13 15:53,Product Datasheet,DB1 Datasheet
smart home,DB1 Pro,DB1-Pro,lePC-_duVfKGJy0NVlSQl,sE1vSD0fTCa5K7qT2YrTl,1,2023/11/13 15:53,Product Datasheet,DB1 Pro
smart home,DB1C,DB1C,3OQXD0UqjDAcKg7CF_B6F,sE1vSD0fTCa5K7qT2YrTl,1,2023/11/13 15:53,Product Datasheet,DB1C
smart home,DB1C Kit,DB1C-Kit,O2f1nRfTdkUDHQ1cRwIcY,sE1vSD0fTCa5K7qT2YrTl,1,2023/11/13 15:53,Product Datasheet,DB1C Kit
smart home,DB2,DB2,Wx_IirlFZvCQUesK0xPmL,sE1vSD0fTCa5K7qT2YrTl,1,2023/11/13 15:53,Product Datasheet,DB2
smart home,DB2 Pro,DB2-Pro,NEQY8lkcNfB4qhqot7PDF,sE1vSD0fTCa5K7qT2YrTl,1,2023/11/13 15:53,Product Datasheet,DB2 Pro
smart home,DB2-B,DB2-B,qWyFaDCJ7z1lp4EBuMYpx,sE1vSD0fTCa5K7qT2YrTl,1,2023/11/13 15:53,Product Datasheet,DB2-B
smart home,DB2-B Pro,DB2-B-Pro,LHf8JnN5HoBHlLHvCEbYG,sE1vSD0fTCa5K7qT2YrTl,1,2023/11/13 15:53,Product Datasheet,DB2-B Pro
smart home,DB2C Kit,DB2C-Kit,63VUA4DpKm_lLYKnWr93R,sE1vSD0fTCa5K7qT2YrTl,1,2024/7/17 17:03,Product Datasheet,DB2C Kit
smart home,DL01 Pro,DL01-Pro,WTS1l-Tz8zI93Kz810kNx,sE1vSD0fTCa5K7qT2YrTl,1,2024/7/4 15:18,Product Datasheet,DL01 Pro
smart home,DL01 Pro,DL01-Pro,M1m3V2JokqWi6pBzkTABE,sE1vSD0fTCa5K7qT2YrTl,1,2024/6/30 10:56,Product Datasheet,DL01 Pro
smart home,DL01BCP Keypad,DL01BCP-Keypad,rqqsT4hK1C5Vic1tlkDp9,sE1vSD0fTCa5K7qT2YrTl,1,2024/8/8 16:22,Product Datasheet,DL01BCP Keypad
smart home,DL01CP,DL01CP,XwhGDUV7_WuW4T4ertOm-,sE1vSD0fTCa5K7qT2YrTl,1,2023/11/13 15:53,Product Datasheet,DL01CP
smart home,DL01CP Keypad,DL01CP-Keypad,cxqvx_DO9nZOOJqq5FqNj,sE1vSD0fTCa5K7qT2YrTl,1,2024/8/11 15:45,Product Datasheet,DL01CP Keypad
smart home,DL01P,DL01P,7uyTPO_1dXDcBTyhwEDiY,sE1vSD0fTCa5K7qT2YrTl,1,2023/11/13 15:53,Product Datasheet,DL01P
smart home,DL01S,DL01S,QDCUZ3ooUtcerq4UnCFwq,sE1vSD0fTCa5K7qT2YrTl,1,2023/11/13 15:53,Product Datasheet,DL01S
smart home,DL03,DL03,9nwYWShLnXe-TM7eZrvu-,sE1vSD0fTCa5K7qT2YrTl,1,2024/7/15 14:16,Product Datasheet,DL03
smart home,DL03 Digital,DL03-Digital,_jSoQTJJqwdLO594Qer35,sE1vSD0fTCa5K7qT2YrTl,1,2024/7/16 14:08,Product Datasheet,DL03 Digital
smart home,DL03 Pro,DL03-Pro,n2eaMEuXExmrzg25CyJqQ,sE1vSD0fTCa5K7qT2YrTl,1,2025/2/13 15:58,Product Datasheet,DL03 Pro
smart home,DL04,DL04,QB8EzWOu9CBa50Xxetqw4,sE1vSD0fTCa5K7qT2YrTl,1,2024/10/10 9:35,Product Datasheet,DL04
smart home,DL04 Pro,DL04-Pro,pW9VVsSfpckG-Vxrwl3Xj,sE1vSD0fTCa5K7qT2YrTl,1,2024/9/25 16:41,Product Datasheet,DL04 Pro
smart home,DL05,DL05,KzkWdawFBuJjMXanqsa4r,sE1vSD0fTCa5K7qT2YrTl,1,2023/12/7 17:07,Product Datasheet,DL05
smart home,DL06,DL06,5I5rc8wPPhAauKt5_TkMz,sE1vSD0fTCa5K7qT2YrTl,1,2025/8/18 23:46,Product Datasheet,DL06
smart home,DL06 Pro,DL06-Pro,T5IJckZPAsm1CESujfps9,sE1vSD0fTCa5K7qT2YrTl,1,2025/3/13 1:13,Product Datasheet,DL06 Pro
smart home,DL20FVS Plus,DL20FVS-Plus,4AfSkfGbGZV4DjidZ4Ier,sE1vSD0fTCa5K7qT2YrTl,1,2025/11/18 22:44,Product Datasheet,DL20FVS Plus
smart home,DL50FVS (5085),DL50FVS,MhdRmmlyAwD3or54x4VLa,sE1vSD0fTCa5K7qT2YrTl,1,2024/5/27 14:48,Product Datasheet,DL50FVS (5085)
smart home,DL50FVS (6068),DL50FVS-6068,Qsu69U-D-AdkC_EOP6sFZ,sE1vSD0fTCa5K7qT2YrTl,1,2026/4/16 0:41,Product Datasheet,DL50FVS (6068)
smart home,DL50FVS Plus (5085),DL50FVS-Plus,I-jSCersrolnZY-7iz6I2,sE1vSD0fTCa5K7qT2YrTl,1,2025/12/16 22:56,Product Datasheet,DL50FVS Plus (5085)
smart home,DL50FVX,DL50FVX,wYRii97yQMAcvCjAAntqn,sE1vSD0fTCa5K7qT2YrTl,1,2026/1/26 21:58,Product Datasheet,DL50FVX
smart home,DP1 Datasheet,DP1-Datasheet,g0tp0mfJYf2W4dWcOch3-,sE1vSD0fTCa5K7qT2YrTl,1,2023/11/13 15:53,Product Datasheet,DP1 Datasheet
smart home,DP2,DP2,XjvUxIbEsxfU4JJt-asNu,sE1vSD0fTCa5K7qT2YrTl,1,2023/11/13 15:53,Product Datasheet,DP2
smart home,DP2 2K,DP2-2K,nSLNVsJGuQQB6I29RfmCj,sE1vSD0fTCa5K7qT2YrTl,1,2023/11/13 15:53,Product Datasheet,DP2 2K
smart home,DP2C,DP2C,j4V7lIcDmNXKFMKQkhpca,sE1vSD0fTCa5K7qT2YrTl,1,2024/5/6 15:12,Product Datasheet,DP2C
smart home,Dust Bag for Plus Robot Vacuums,Dust-Bag-for-Plus-Robot-Vacuums,XD4eIvgHVt9F3SXbEdbjL,sE1vSD0fTCa5K7qT2YrTl,1,2023/12/11 11:13,Product Datasheet,Dust Bag for Plus Robot Vacuums
smart home,Dust Bag for RE4C Plus,Dust-Bag-for-RE4C-Plus,xNPDVlVDVaa8YgPT6dOEZ,sE1vSD0fTCa5K7qT2YrTl,1,2024/12/18 15:51,Product Datasheet,Dust Bag for RE4C Plus
smart home,Dust Bag for RE7 Edge,Dust-Bag-for-RE7-Edge,tfy_hFNFyDXFoUwDcu285,sE1vSD0fTCa5K7qT2YrTl,1,2026/1/23 0:27,Product Datasheet,Dust Bag for RE7 Edge
smart home,EB250A Air Purifier,EB250A-Air-Purifier,7fooWOe6WDEvln-0aQaHw,sE1vSD0fTCa5K7qT2YrTl,1,2023/11/13 15:53,Product Datasheet,EB250A Air Purifier
smart home,EB350A Air Purifier,EB350A-Air-Purifier,aIVORKOs207rm04pYz0QW,sE1vSD0fTCa5K7qT2YrTl,1,2023/11/13 15:53,Product Datasheet,EB350A Air Purifier
smart home,EP3x,EP3x,MU-T5c1UsyVi0WcvRnuJf,sE1vSD0fTCa5K7qT2YrTl,1,2024/11/3 14:24,Product Datasheet,EP3x
smart home,EP3x Pro,EP3x-Pro,7Qy1s3wmA1T7MG4mKOES1,sE1vSD0fTCa5K7qT2YrTl,1,2024/8/5 11:11,Product Datasheet,EP3x Pro
smart home,EP4,EP4,E_jMHoHm0BSc4gDzb5sMf,sE1vSD0fTCa5K7qT2YrTl,1,2026/2/1 23:25,Product Datasheet,EP4
smart home,EP7,EP7,7RsieNiaLrQxrxQ7SuC-5,sE1vSD0fTCa5K7qT2YrTl,1,2024/11/7 16:59,Product Datasheet,EP7
smart home,EP8 Ultra,EP8-Ultra,M1iz8nIaKWCfLHPn4-tNZ,sE1vSD0fTCa5K7qT2YrTl,1,2026/3/8 19:00,Product Datasheet,EP8 Ultra
smart home,Hard Floor Cleaning Solution,Hard-Floor-Cleaning-Solution,NHrinftILbcEh4SYvvcUI,sE1vSD0fTCa5K7qT2YrTl,1,2023/12/11 11:12,Product Datasheet,Hard Floor Cleaning Solution
smart home,HG2 400,HG2-400,uFh4WyF_MFZIpTiFtFums,sE1vSD0fTCa5K7qT2YrTl,1,2025/10/29 22:09,Product Datasheet,HG2 400
smart home,HG2 600 Pro,HG2-600-Pro,eMrq-KhtAVn8m2oZ_EiV7,sE1vSD0fTCa5K7qT2YrTl,1,2025/8/17 22:03,Product Datasheet,HG2 600 Pro
smart home,HGT2,HGT2,BTAu8aV959VuXf2Y7etig,sE1vSD0fTCa5K7qT2YrTl,1,2026/3/20 0:13,Product Datasheet,HGT2
smart home,HP2,HP2,0f2wmmdi8N910zzQlReBQ,sE1vSD0fTCa5K7qT2YrTl,1,2024/7/8 9:56,Product Datasheet,HP2
smart home,HP3 Pro,HP3-Pro,IPSO4Gws5VyV4SHJPOp6W,sE1vSD0fTCa5K7qT2YrTl,1,2024/9/25 11:05,Product Datasheet,HP3 Pro
smart home,HP4,HP4,lGvF2qDTiEnktNDZO1w6J,sE1vSD0fTCa5K7qT2YrTl,1,2023/11/13 15:53,Product Datasheet,HP4
smart home,HP5,HP5,j2fi8bhsHd894Rs9Ouxpj,sE1vSD0fTCa5K7qT2YrTl,1,2024/6/2 15:46,Product Datasheet,HP5
smart home,HP7,HP7,MbwEMi9Vgi8DpL7fOF2qp,sE1vSD0fTCa5K7qT2YrTl,1,2023/12/17 13:40,Product Datasheet,HP7
smart home,HP7,HP7,aV63CddSPayBmkOBW2Oei,sE1vSD0fTCa5K7qT2YrTl,1,2023/11/13 15:53,Product Datasheet,HP7
smart home,HP7 2-Entry Kit,HP7-2-Entry-Kit,F5NciGdiQh_rauMEQExcm,sE1vSD0fTCa5K7qT2YrTl,1,2025/9/22 22:51,Product Datasheet,HP7 2-Entry Kit
smart home,HP7 2-Family Kit,HP7-2-Family-Kit,EHek0gLKEtYR2kIEKx0oC,sE1vSD0fTCa5K7qT2YrTl,1,2025/4/14 18:51,Product Datasheet,HP7 2-Family Kit
smart home,L2,L2,AwhH3khdA7hQ4PfD-Rq9z,sE1vSD0fTCa5K7qT2YrTl,1,2023/11/13 15:53,Product Datasheet,L2
smart home,L2S,L2S,urCDZ2FSH2DbGWL5a0_9X,sE1vSD0fTCa5K7qT2YrTl,1,2023/11/13 15:53,Product Datasheet,L2S
smart home,LB1-Color,LB1-Color,cmddyGoSBbUweYJU1UEky,sE1vSD0fTCa5K7qT2YrTl,1,2023/11/13 15:53,Product Datasheet,LB1-Color
smart home,LB1-White,LB1-White,YoyabB1fPrqO6pP4OP9CX,sE1vSD0fTCa5K7qT2YrTl,1,2023/11/13 15:53,Product Datasheet,LB1-White
smart home,LC3,LC3,IXPibXnQDBk2ln2lYSkKB,sE1vSD0fTCa5K7qT2YrTl,1,2023/11/13 15:53,Product Datasheet,LC3
smart home,PS1300,PS1300,y6UxS8vFh_1dgQsvUTPvx,sE1vSD0fTCa5K7qT2YrTl,1,2023/11/13 15:53,Product Datasheet,PS1300
smart home,PS300,PS300,siszJkWjfNfonBzmlV_nJ,sE1vSD0fTCa5K7qT2YrTl,1,2023/11/13 15:53,Product Datasheet,PS300
smart home,PS600,PS600,C5UvXZMHB-75I1YXBvgh1,sE1vSD0fTCa5K7qT2YrTl,1,2023/11/13 15:53,Product Datasheet,PS600
smart home,PSP100,PSP100,b5x5p46F8zZWKEfKlCZ3t,sE1vSD0fTCa5K7qT2YrTl,1,2023/11/13 15:53,Product Datasheet,PSP100
smart home,PSP200,PSP200,SThsDsk8rg-ppOx8J0KcT,sE1vSD0fTCa5K7qT2YrTl,1,2023/11/13 15:53,Product Datasheet,PSP200
smart home,RC3,RC3,2YNDP4rzna_ZfkIVHY0UX,sE1vSD0fTCa5K7qT2YrTl,1,2023/11/13 15:53,Product Datasheet,RC3
smart home,RC3 Plus,RC3-Plus,4PHvrfhf2YKvnVB0RwEYw,sE1vSD0fTCa5K7qT2YrTl,1,2023/11/14 15:12,Product Datasheet,RC3 Plus
smart home,RC3 Series Accessory Pack,RC3-Series-Accessory-Pack,TioBkje3aVZYEcild1E_X,sE1vSD0fTCa5K7qT2YrTl,1,2024/8/27 13:55,Product Datasheet,RC3 Series Accessory Pack
smart home,RE4,RE4,suy9BM5CcikWdQ0mBdKdW,sE1vSD0fTCa5K7qT2YrTl,1,2024/5/29 14:28,Product Datasheet,RE4
smart home,RE4 & RE5 Series Accessory Pack,RE4-and-RE5-Series-Accessory-Pack,00Y7qPO-6w1a1AmgDIJFn,sE1vSD0fTCa5K7qT2YrTl,1,2024/8/27 13:56,Product Datasheet,RE4 & RE5 Series Accessory Pack
smart home,RE4 Plus,RE4-Plus,jfX01bJY0FaQDZaDHCU3R,sE1vSD0fTCa5K7qT2YrTl,1,2024/5/29 14:28,Product Datasheet,RE4 Plus
smart home,RE4C,RE4C,FWuHCI_erxIPgWcbeyK7y,sE1vSD0fTCa5K7qT2YrTl,1,2024/11/4 15:05,Product Datasheet,RE4C
smart home,RE4C & RE4 & RE5 Series Accessory Pack,RE4C-and-RE4-and-RE5-Series-Accessory-Pack,FdB2FpT2xRdKpotXdLRkw,sE1vSD0fTCa5K7qT2YrTl,1,2024/11/20 15:07,Product Datasheet,RE4C & RE4 & RE5 Series Accessory Pack
smart home,RE4C Pus,RE4C-Pus,J_h84T9xGNAueJ3XW1nNo,sE1vSD0fTCa5K7qT2YrTl,1,2024/11/19 14:45,Product Datasheet,RE4C Pus
smart home,RE4C&RE4&RE5 Series Accessory Pack,RE4CandRE4andRE5-Series-Accessory-Pack,xpXw25BGVOL_Bxg_LeeNu,sE1vSD0fTCa5K7qT2YrTl,1,2024/9/3 11:29,Product Datasheet,RE4C&RE4&RE5 Series Accessory Pack
smart home,RE5,RE5,9Ns_2zym0zd6hsTLfuAd_,sE1vSD0fTCa5K7qT2YrTl,1,2023/11/13 15:53,Product Datasheet,RE5
smart home,RE5 Plus,RE5-Plus,0FG2QPRihfc4Yx73kG9-K,sE1vSD0fTCa5K7qT2YrTl,1,2023/11/13 15:53,Product Datasheet,RE5 Plus
smart home,RE5S Plus,RE5S-Plus,oki0dGVmzDe0DJxLdRv13,sE1vSD0fTCa5K7qT2YrTl,1,2025/3/13 1:07,Product Datasheet,RE5S Plus
smart home,RE7 Edge,RE7-Edge,f-hWRi4f4xr7M7AdLb3mm,sE1vSD0fTCa5K7qT2YrTl,1,2025/12/30 22:26,Product Datasheet,RE7 Edge
smart home,RE7 Edge Accessory Pack,RE7-Edge-Accessory-Pack,lXuSr4PeinOh4d99njJEw,sE1vSD0fTCa5K7qT2YrTl,1,2026/1/21 3:06,Product Datasheet,RE7 Edge Accessory Pack
smart home,RH1,RH1,fNyTEFUNuC9lGmFsSqbck,sE1vSD0fTCa5K7qT2YrTl,1,2023/11/13 15:53,Product Datasheet,RH1
smart home,RH2,RH2,7SXmdnY1CdzPky7ifdEuU,sE1vSD0fTCa5K7qT2YrTl,1,2023/11/13 15:53,Product Datasheet,RH2
smart home,RH2 Fragrance Card,RH2-Fragrance-Card,24pE2VX3Wxtf0TzirHlVK,sE1vSD0fTCa5K7qT2YrTl,1,2023/12/11 11:13,Product Datasheet,RH2 Fragrance Card
smart home,RH2 Rolling Brush & HEPA Kit,RH2-Rolling-Brush-and-HEPA-Kit,VQje6NjPbJd8V7T3LEaXJ,sE1vSD0fTCa5K7qT2YrTl,1,2023/12/10 14:19,Product Datasheet,RH2 Rolling Brush & HEPA Kit
smart home,RM600,RM600,NIl6l2gx3KiaOueBBp72Z,sE1vSD0fTCa5K7qT2YrTl,1,2025/1/15 17:09,Product Datasheet,RM600
smart home,RS2,RS2,sAyEky-vMaBvzjnkvSOhl,sE1vSD0fTCa5K7qT2YrTl,1,2023/11/13 15:53,Product Datasheet,RS2
smart home,RS2 Accessory Pack,RS2-Accessory-Pack,zGdOUTq2L1y6advEfd_20,sE1vSD0fTCa5K7qT2YrTl,1,2023/12/10 11:24,Product Datasheet,RS2 Accessory Pack
smart home,RS20 Max,RS20-Max,LIJu1CHT62CL_BfmXQkKl,sE1vSD0fTCa5K7qT2YrTl,1,2025/2/25 15:03,Product Datasheet,RS20 Max
smart home,RS20 Pro,RS20-Pro,0dj1YqXJD1ZV7dM9utEaZ,sE1vSD0fTCa5K7qT2YrTl,1,2024/9/24 14:02,Product Datasheet,RS20 Pro
smart home,RS20 Pro Accessory Pack,RS20-Pro-Accessory-Pack,d79jFV4Q5KVW2uwLIZ-J1,sE1vSD0fTCa5K7qT2YrTl,1,2024/9/3 11:33,Product Datasheet,RS20 Pro Accessory Pack
smart home,RS20 Series Hard Floor Cleaning Solution,RS20-Series-Hard-Floor-Cleaning-Solution,4LX2iYIC7eSjdcA4ICxLc,sE1vSD0fTCa5K7qT2YrTl,1,2024/9/3 11:33,Product Datasheet,RS20 Series Hard Floor Cleaning Solution
smart home,SD7,SD7,uHEK2twhApiAr6zcKkvQN,sE1vSD0fTCa5K7qT2YrTl,1,2023/12/27 11:24,Product Datasheet,SD7
smart home,Smart Chime,Smart-Chime,oAv7iVZJzeV0MAIo3VSXh,sE1vSD0fTCa5K7qT2YrTl,1,2023/11/13 15:53,Product Datasheet,Smart Chime
smart home,Solar Charging Panel,Solar-Charging-Panel,TnuYpiGbgM7u6vRk4QBmK,sE1vSD0fTCa5K7qT2YrTl,1,2023/11/13 15:53,Product Datasheet,Solar Charging Panel
smart home,T30-10A-EU,T30-10A-EU,6USQGK0fRnCjz97vUVujX,sE1vSD0fTCa5K7qT2YrTl,1,2023/11/13 15:53,Product Datasheet,T30-10A-EU
smart home,T30-10A-US,T30-10A-US,ZIscPQ5VMUs8RlKwxo_zD,sE1vSD0fTCa5K7qT2YrTl,1,2023/11/13 15:53,Product Datasheet,T30-10A-US
smart home,T30-10B-EU,T30-10B-EU,33qeEpzjCRhkDjO0S61hY,sE1vSD0fTCa5K7qT2YrTl,1,2023/11/13 15:53,Product Datasheet,T30-10B-EU
smart home,T30-10B-US,T30-10B-US,Q7ucrZ4UlBhTqcgB69E4h,sE1vSD0fTCa5K7qT2YrTl,1,2023/11/13 15:53,Product Datasheet,T30-10B-US
smart home,T30-10E-EU,T30-10E-EU,ekAmT-ykJkEak8QBfbiO5,sE1vSD0fTCa5K7qT2YrTl,1,2025/9/9 19:07,Product Datasheet,T30-10E-EU
smart home,T31(EU),T31(EU),qzJnBiV8iOXuaGx2MHjcW,sE1vSD0fTCa5K7qT2YrTl,1,2023/11/13 15:53,Product Datasheet,T31(EU)
smart home,T31(UK),T31(UK),XbWjQv1k02FQtSokczthi,sE1vSD0fTCa5K7qT2YrTl,1,2023/11/13 15:53,Product Datasheet,T31(UK)
smart home,T31(US),T31(US),LT-4F_aNqb-yTYLe_qMTB,sE1vSD0fTCa5K7qT2YrTl,1,2023/11/13 15:53,Product Datasheet,T31(US)
smart home,T33,T33,mBd9fNQoIDtosz6HRXKAz,sE1vSD0fTCa5K7qT2YrTl,1,2025/2/18 14:36,Product Datasheet,T33
smart home,T4,T4,bMyGsMvGE8h24ojE62fJw,sE1vSD0fTCa5K7qT2YrTl,1,2023/11/13 15:53,Product Datasheet,T4
smart home,TP7,TP7,BzMx8ORtYKpmHnMhFNwDO,sE1vSD0fTCa5K7qT2YrTl,1,2024/12/22 11:23,Product Datasheet,TP7
smart home,TP9 Pro,TP9-Pro,MuROH_YVkTj_u1_m1mNm1,sE1vSD0fTCa5K7qT2YrTl,1,2025/9/24 23:15,Product Datasheet,TP9 Pro
smart home,Transformer,Transformer,olDyyNvIhvvFsA89HCFO1,sE1vSD0fTCa5K7qT2YrTl,1,2025/3/10 0:30,Product Datasheet,Transformer
smart home,Transformer,Transformer,aUbTQ5-cPclht9VIa7xZC,sE1vSD0fTCa5K7qT2YrTl,1,2023/11/13 15:53,Product Datasheet,Transformer
smart home,W3R,W3R,DoFOpdbWECvM6SH6a78py,sE1vSD0fTCa5K7qT2YrTl,1,2023/11/13 15:53,Product Datasheet,W3R
smart home,Y2000,Y2000,QImIrDCBG77yYK3rtjEXo,sE1vSD0fTCa5K7qT2YrTl,1,2025/2/7 16:48,Product Datasheet,Y2000
smart home,Y2000 (6068),Y2000-(6068),iUkyitKZqSn45yJ0pUDRM,sE1vSD0fTCa5K7qT2YrTl,1,2026/4/16 0:50,Product Datasheet,Y2000 (6068)
smart home,Y2000FVS,Y2000FVS,CdwS8tUhuQbfEuK5o_n19,sE1vSD0fTCa5K7qT2YrTl,1,2025/12/11 18:01,Product Datasheet,Y2000FVS
action camera,S2 Datasheet,S2-Datasheet,mqWjVUbYRmzqf4JStpsJs,iLrOVtSSNqGRAAhoQvOmR,1,2023/11/13 15:53,Product Datasheet,S2 Datasheet
action camera,S3 Datasheet,S3-Datasheet,Vd6CNKTF2G9p_ttH7pbod,iLrOVtSSNqGRAAhoQvOmR,1,2023/11/13 15:53,Product Datasheet,S3 Datasheet
action camera,S6 Datasheet,S6-Datasheet,Y-ACFElLlxCrPVQqXFVja,iLrOVtSSNqGRAAhoQvOmR,1,2023/11/13 15:53,Product Datasheet,S6 Datasheet
nvr,W3C,W3C,o92vKrfv1pMvkAx90yXf6,zVzX9oIVuB3Lvoa9hkAIL,1,2023/11/13 15:53,Product Datasheet,W3C
nvr,W6 (SD05G),W6-(SD05G),t99IuKnysf-9FGOj17rn1,zVzX9oIVuB3Lvoa9hkAIL,1,2023/11/13 15:53,Product Datasheet,W6 (SD05G)
nvr,W6 (SD05GP),W6-(SD05GP),CWohffTQb9XtAoR2DmIB7,zVzX9oIVuB3Lvoa9hkAIL,1,2023/11/13 15:53,Product Datasheet,W6 (SD05GP)
nvr,W6 (SD09G),W6-(SD09G),GbLum47BhMpl-AHn1qLQQ,zVzX9oIVuB3Lvoa9hkAIL,1,2023/11/13 15:53,Product Datasheet,W6 (SD09G)
nvr,W6 (SD09GP),W6-(SD09GP),JMziGyJsDIEJnZ2PVbWRz,zVzX9oIVuB3Lvoa9hkAIL,1,2023/11/13 15:53,Product Datasheet,W6 (SD09GP)
nvr,X3C (ezNAS) Datasheet,X3C-(ezNAS)-Datasheet,Kup5IFLG9oXadcChIdbux,zVzX9oIVuB3Lvoa9hkAIL,1,2023/11/13 15:53,Product Datasheet,X3C (ezNAS) Datasheet
nvr,X5C (ezNVR) Datasheet,X5C-(ezNVR)-Datasheet,VDXDRj9AuAZHUZoiAjKKd,zVzX9oIVuB3Lvoa9hkAIL,1,2023/11/13 15:53,Product Datasheet,X5C (ezNVR) Datasheet
nvr,X5S Datasheet,X5S-Datasheet,JZ1uK_VgY_a1I4tPtvTEr,zVzX9oIVuB3Lvoa9hkAIL,1,2024/5/27 14:39,Product Datasheet,X5S Datasheet
nvr,X5S POE,X5S-POE,dZp8ySb-0wG5bwQGbZxRD,zVzX9oIVuB3Lvoa9hkAIL,1,2023/11/13 15:53,Product Datasheet,X5S POE
nvr,X5S-16H,X5S-16H,qrIx2LsDJE9MvkF5SVvPj,zVzX9oIVuB3Lvoa9hkAIL,1,2023/11/13 15:53,Product Datasheet,X5S-16H
nvr,X5S-16L2,X5S-16L2,f7NFDe2kJsQFE6aE8S3uR,zVzX9oIVuB3Lvoa9hkAIL,1,2023/11/13 15:53,Product Datasheet,X5S-16L2
network,NETWORK,NETWORK,ZXp28krukS-NFa2C5Z_46,,1,2026/8/7 1:51,Product Datasheet,NETWORK
network,RT1 AX3000,RT1-AX3000,UwHkYcYcqXm_fcEwu35Ym,OlNfnQASWnHi_48uukdxa,1,2024/9/2 11:23,Product Datasheet,RT1 AX3000
network,T35W,T35W,OpldgQOfxknlCB-FeMXXS,OlNfnQASWnHi_48uukdxa,1,2023/11/13 15:53,Product Datasheet,T35W
network,T35WM,T35WM,deLR9bRWglReResJFFCle,OlNfnQASWnHi_48uukdxa,1,2023/11/13 15:53,Product Datasheet,T35WM
network,T36,T36,kLAzJgVsw1JOj5HL-rjAq,OlNfnQASWnHi_48uukdxa,1,2024/4/23 15:47,Product Datasheet,T36
network,W3,W3,Goa5plJQVgBDwMLQcNMnV,OlNfnQASWnHi_48uukdxa,1,2023/11/13 15:53,Product Datasheet,W3
alarm & sensors,A1 Datasheet,A1-Datasheet,fuZmfGx2djLgMOUUGzH7Y,5JJ4lGo3BGdPz3ZVXEvO_,1,2023/11/13 15:53,Product Datasheet,A1 Datasheet
alarm & sensors,A1 Datasheet,A1-Datasheet,89KFEK-2DJ_MwpFWPDYed,5JJ4lGo3BGdPz3ZVXEvO_,1,2023/11/13 15:53,Product Datasheet,A1 Datasheet
alarm & sensors,A1 Datasheet,A1-Datasheet,fjQ4uhzSsh8nFIgafSDG0,5JJ4lGo3BGdPz3ZVXEvO_,1,2023/11/13 15:53,Product Datasheet,A1 Datasheet
alarm & sensors,A1S,A1S,5FYqREv6PmbUaAIOXE7EO,5JJ4lGo3BGdPz3ZVXEvO_,1,2023/11/13 15:53,Product Datasheet,A1S
alarm & sensors,A3 Home Getaway,A3-Home-Getaway,sgS-z63eFWWtuXCIqWyNv,5JJ4lGo3BGdPz3ZVXEvO_,1,2023/11/13 15:53,Product Datasheet,A3 Home Getaway
alarm & sensors,A3-R200,A3-R200,v7Z92FPVggQrQh4GSw9Zt,5JJ4lGo3BGdPz3ZVXEvO_,1,2023/11/16 13:34,Product Datasheet,A3-R200
alarm & sensors,Alarm Light,Alarm-Light,WsFJgNcN13jrGpJJcgQxF,5JJ4lGo3BGdPz3ZVXEvO_,1,2026/4/16 0:33,Product Datasheet,Alarm Light
alarm & sensors,Alarm Light Camera,Alarm-Light-Camera,wdbLtjR0EokJUjHqn83JN,5JJ4lGo3BGdPz3ZVXEvO_,1,2026/4/16 0:37,Product Datasheet,Alarm Light Camera
alarm & sensors,Alarm Starter Kit Datasheet,Alarm-Starter-Kit-Datasheet,4caHr4hr1F2-8kAnDaPtX,5JJ4lGo3BGdPz3ZVXEvO_,1,2023/11/13 15:53,Product Datasheet,Alarm Starter Kit Datasheet
alarm & sensors,Alarm-and-Sensor,Alarm-and-Sensor,OWSEkQq9_WE4uJLBWKzIg,5JJ4lGo3BGdPz3ZVXEvO_,1,2026/8/7 1:51,Product Datasheet,Alarm-and-Sensor
alarm & sensors,CH1,CH1,03_ZfilwGBQOygdPozvkQ,5JJ4lGo3BGdPz3ZVXEvO_,1,2024/3/10 15:00,Product Datasheet,CH1
alarm & sensors,EZVIZ 4-Piece Home Sensor Kit,EZVIZ-4-Piece-Home-Sensor-Kit,ARWKFgRCNBT3k6t10ZcgK,5JJ4lGo3BGdPz3ZVXEvO_,1,2023/11/13 15:53,Product Datasheet,EZVIZ 4-Piece Home Sensor Kit
alarm & sensors,EZVIZ 9-Piece Home Sensor Kit,EZVIZ-9-Piece-Home-Sensor-Kit,hp4nPBulUsF2tpYx7rNxe,5JJ4lGo3BGdPz3ZVXEvO_,1,2024/1/11 15:33,Product Datasheet,EZVIZ 9-Piece Home Sensor Kit
alarm & sensors,K2 Datasheet,K2-Datasheet,JChfEzGkVBVM8fjZCrUZH,5JJ4lGo3BGdPz3ZVXEvO_,1,2023/11/13 15:53,Product Datasheet,K2 Datasheet
alarm & sensors,K2 Datasheet,K2-Datasheet,rO8AG6CBZPvZFPvqmSbLU,5JJ4lGo3BGdPz3ZVXEvO_,1,2023/11/13 15:53,Product Datasheet,K2 Datasheet
alarm & sensors,K2 Datasheet,K2-Datasheet,7F8xvV8XOVnW7Q4Hp47lH,5JJ4lGo3BGdPz3ZVXEvO_,1,2023/11/13 15:53,Product Datasheet,K2 Datasheet
alarm & sensors,K3,K3,1OFhezm0B_VtSMHOFn0VN,5JJ4lGo3BGdPz3ZVXEvO_,1,2023/11/13 15:53,Product Datasheet,K3
alarm & sensors,T1 Datasheet,T1-Datasheet,BexkaUMkh6K3qTN-IzyH9,5JJ4lGo3BGdPz3ZVXEvO_,1,2023/11/13 15:53,Product Datasheet,T1 Datasheet
alarm & sensors,T1 Datasheet,T1-Datasheet,oq7lrqjFPasiATwyvDdDf,5JJ4lGo3BGdPz3ZVXEvO_,1,2023/11/13 15:53,Product Datasheet,T1 Datasheet
alarm & sensors,T1 Datasheet,T1-Datasheet,5aF2F4PKxZDjnFveuh-K4,5JJ4lGo3BGdPz3ZVXEvO_,1,2023/11/13 15:53,Product Datasheet,T1 Datasheet
alarm & sensors,T10 Datasheet,T10-Datasheet,NEBJAwHA_1Bxm9cPXWQGx,5JJ4lGo3BGdPz3ZVXEvO_,1,2023/11/13 15:53,Product Datasheet,T10 Datasheet
alarm & sensors,T10C,T10C,bdrVdecPk7zaOdyJpNEHF,5JJ4lGo3BGdPz3ZVXEvO_,1,2023/11/13 15:53,Product Datasheet,T10C
alarm & sensors,T1C PIR Motion Sensor,T1C-PIR-Motion-Sensor,jCRdvHLRIH5GdMcCZJYcH,5JJ4lGo3BGdPz3ZVXEvO_,1,2023/11/13 15:53,Product Datasheet,T1C PIR Motion Sensor
alarm & sensors,T2 Datasheet,T2-Datasheet,FA9rXLAM88fxdUz2kcFk_,5JJ4lGo3BGdPz3ZVXEvO_,1,2023/11/13 15:53,Product Datasheet,T2 Datasheet
alarm & sensors,T2 Datasheet,T2-Datasheet,yMA_1psf9HXZSlXbk7Gqo,5JJ4lGo3BGdPz3ZVXEvO_,1,2023/11/13 15:53,Product Datasheet,T2 Datasheet
alarm & sensors,T2 Datasheet,T2-Datasheet,eXLIcZ0NxuP2AIeXoMCS7,5JJ4lGo3BGdPz3ZVXEvO_,1,2023/11/13 15:53,Product Datasheet,T2 Datasheet
alarm & sensors,T2C Open/Close Sensor,T2C-OpenClose-Sensor,enYHO0rHgr2mIoeCdH_vj,5JJ4lGo3BGdPz3ZVXEvO_,1,2023/11/13 15:53,Product Datasheet,T2C Open/Close Sensor
alarm & sensors,T3 Datasheet,T3-Datasheet,e9PWxL2nw0s8a9NCvtd6g,5JJ4lGo3BGdPz3ZVXEvO_,1,2023/11/13 15:53,Product Datasheet,T3 Datasheet
alarm & sensors,T35W Matter,T35W-Matter,Z0v8mKsqWPlDOAAHtlHYS,5JJ4lGo3BGdPz3ZVXEvO_,1,2025/9/11 22:19,Product Datasheet,T35W Matter
alarm & sensors,T35WD,T35WD,UivUeOvJuNCogG_xKudV9,5JJ4lGo3BGdPz3ZVXEvO_,1,2025/1/7 11:11,Product Datasheet,T35WD
alarm & sensors,T35WM Matter,T35WM-Matter,wqr6yohsZnZ7Va_NSMmwT,5JJ4lGo3BGdPz3ZVXEvO_,1,2025/9/11 23:51,Product Datasheet,T35WM Matter
alarm & sensors,T3C Smart Button,T3C-Smart-Button,7t5FrayJ6cedmVsqpDxyM,5JJ4lGo3BGdPz3ZVXEvO_,1,2023/11/13 15:53,Product Datasheet,T3C Smart Button
alarm & sensors,T51C,T51C,pSTBM7v17-a2ZpmPNf3LM,5JJ4lGo3BGdPz3ZVXEvO_,1,2023/11/13 15:53,Product Datasheet,T51C
alarm & sensors,T55,T55,T36h2ecYBcQd_p0bV28cz,5JJ4lGo3BGdPz3ZVXEvO_,1,2023/11/13 15:53,Product Datasheet,T55
alarm & sensors,T56,T56,VdB3lU7fu7Cu_-wVVKOvA,5JJ4lGo3BGdPz3ZVXEvO_,1,2025/9/9 19:27,Product Datasheet,T56
alarm & sensors,T6 Datasheet,T6-Datasheet,FYIKVU5-ckFGkM4YZKME-,5JJ4lGo3BGdPz3ZVXEvO_,1,2023/11/13 15:53,Product Datasheet,T6 Datasheet
alarm & sensors,T6 Datasheet,T6-Datasheet,Jc3O-1MTxKTkV-0QjSOqy,5JJ4lGo3BGdPz3ZVXEvO_,1,2023/11/13 15:53,Product Datasheet,T6 Datasheet
alarm & sensors,T6 Datasheet,T6-Datasheet,isKYtezoxA3DfEWkAgM61,5JJ4lGo3BGdPz3ZVXEvO_,1,2023/11/13 15:53,Product Datasheet,T6 Datasheet
alarm & sensors,T9 Datasheet,T9-Datasheet,Zm02vubQJO-F2OcxrSuLm,5JJ4lGo3BGdPz3ZVXEvO_,1,2023/11/13 15:53,Product Datasheet,T9 Datasheet
alarm & sensors,T9 Datasheet,T9-Datasheet,1_12gBDsDp2mblF72h-6U,5JJ4lGo3BGdPz3ZVXEvO_,1,2023/11/13 15:53,Product Datasheet,T9 Datasheet
alarm & sensors,T9 Datasheet,T9-Datasheet,fI0-bmzzObsD5Y5XYBj8j,5JJ4lGo3BGdPz3ZVXEvO_,1,2023/11/13 15:53,Product Datasheet,T9 Datasheet
alarm & sensors,T9C,T9C,A075i9UA3wsXE9nlivr4v,5JJ4lGo3BGdPz3ZVXEvO_,1,2023/11/13 15:53,Product Datasheet,T9C
